{
    "frame_0087.jpg": {
        "frame_index": 87,
        "frame_relative_time": 2.871,
        "Emotion value": {
            "angry": 34.97039884152405,
            "disgust": 0.509141276204066,
            "fear": 13.347006639659801,
            "happy": 0.18266185577060912,
            "sad": 24.472238091959838,
            "surprise": 0.14231479410840833,
            "neutral": 26.376243017687976
        },
        "location": "angry",
        "emotion_ratios": {
            "angry": 34,
            "disgust": 0,
            "fear": 13,
            "happy": 0,
            "sad": 24,
            "surprise": 0,
            "neutral": 26
        }
    },
    "frame_0422.jpg": {
        "frame_index": 422,
        "frame_relative_time": 13.926,
        "Emotion value": {
            "angry": 34.80224492523135,
            "disgust": 0.004103635967229117,
            "fear": 3.0251320570549898,
            "happy": 1.2082979505302964,
            "sad": 49.74254074781647,
            "surprise": 0.02232154245054588,
            "neutral": 11.195352829056642
        },
        "location": "sad",
        "emotion_ratios": {
            "angry": 34,
            "disgust": 0,
            "fear": 3,
            "happy": 1,
            "sad": 49,
            "surprise": 0,
            "neutral": 11
        }
    },
    "frame_0423.jpg": {
        "frame_index": 423,
        "frame_relative_time": 13.959000000000001,
        "Emotion value": {
            "angry": 4.766839370131493,
            "disgust": 6.749133945049834e-05,
            "fear": 53.12806963920593,
            "happy": 0.03013772948179394,
            "sad": 33.16889405250549,
            "surprise": 0.008659128798171878,
            "neutral": 8.897332847118378
        },
        "location": "fear",
        "emotion_ratios": {
            "angry": 4,
            "disgust": 0,
            "fear": 53,
            "happy": 0,
            "sad": 33,
            "surprise": 0,
            "neutral": 8
        }
    },
    "frame_0424.jpg": {
        "frame_index": 424,
        "frame_relative_time": 13.992,
        "Emotion value": {
            "angry": 13.571171590229463,
            "disgust": 0.00013845444131902745,
            "fear": 27.530455890948282,
            "happy": 46.43759983034132,
            "sad": 2.763000273764166,
            "surprise": 0.016694289468572522,
            "neutral": 9.680948070400722
        },
        "location": "happy",
        "emotion_ratios": {
            "angry": 13,
            "disgust": 0,
            "fear": 27,
            "happy": 46,
            "sad": 2,
            "surprise": 0,
            "neutral": 9
        }
    },
    "frame_0425.jpg": {
        "frame_index": 425,
        "frame_relative_time": 14.025,
        "Emotion value": {
            "angry": 38.94602060317993,
            "disgust": 0.00021634696167893708,
            "fear": 4.087721183896065,
            "happy": 10.192890465259552,
            "sad": 6.896954029798508,
            "surprise": 0.04177200316917151,
            "neutral": 39.83442783355713
        },
        "location": "neutral",
        "emotion_ratios": {
            "angry": 38,
            "disgust": 0,
            "fear": 4,
            "happy": 10,
            "sad": 6,
            "surprise": 0,
            "neutral": 39
        }
    },
    "frame_0436.jpg": {
        "frame_index": 436,
        "frame_relative_time": 14.388,
        "Emotion value": {
            "angry": 1.6841808333992958,
            "disgust": 4.436151446185477e-08,
            "fear": 0.46475445851683617,
            "happy": 0.00015788664313731715,
            "sad": 91.41928553581238,
            "surprise": 5.517408112609701e-05,
            "neutral": 6.431569904088974
        },
        "location": "sad",
        "emotion_ratios": {
            "angry": 1,
            "disgust": 0,
            "fear": 0,
            "happy": 0,
            "sad": 91,
            "surprise": 0,
            "neutral": 6
        }
    },
    "frame_0439.jpg": {
        "frame_index": 439,
        "frame_relative_time": 14.487,
        "Emotion value": {
            "angry": 0.6848821359057508,
            "disgust": 0.029144030404480124,
            "fear": 85.79727922661776,
            "happy": 9.44001656413177,
            "sad": 0.08429301008093418,
            "surprise": 3.961977971314071,
            "neutral": 0.0024038412061946814
        },
        "location": "fear",
        "emotion_ratios": {
            "angry": 0,
            "disgust": 0,
            "fear": 85,
            "happy": 9,
            "sad": 0,
            "surprise": 3,
            "neutral": 0
        }
    },
    "frame_0440.jpg": {
        "frame_index": 440,
        "frame_relative_time": 14.520000000000001,
        "Emotion value": {
            "angry": 6.15006425677964,
            "disgust": 0.0001435416890542035,
            "fear": 51.67442540235216,
            "happy": 0.008954410828962376,
            "sad": 11.837995876312748,
            "surprise": 30.18150565844707,
            "neutral": 0.14690990205438112
        },
        "location": "fear",
        "emotion_ratios": {
            "angry": 6,
            "disgust": 0,
            "fear": 51,
            "happy": 0,
            "sad": 11,
            "surprise": 30,
            "neutral": 0
        }
    },
    "frame_0443.jpg": {
        "frame_index": 443,
        "frame_relative_time": 14.619000000000002,
        "Emotion value": {
            "angry": 0.8770897053182125,
            "disgust": 1.9412363383430886e-08,
            "fear": 2.080809511244297,
            "happy": 5.857725682290038e-05,
            "sad": 22.551095485687256,
            "surprise": 1.6523893009434687e-05,
            "neutral": 74.49093461036682
        },
        "location": "neutral",
        "emotion_ratios": {
            "angry": 0,
            "disgust": 0,
            "fear": 2,
            "happy": 0,
            "sad": 22,
            "surprise": 0,
            "neutral": 74
        }
    },
    "frame_0445.jpg": {
        "frame_index": 445,
        "frame_relative_time": 14.685,
        "Emotion value": {
            "angry": 5.221571400761604,
            "disgust": 7.4443448738747975e-06,
            "fear": 13.985620439052582,
            "happy": 0.0006549980753334239,
            "sad": 77.84020900726318,
            "surprise": 0.003042973912670277,
            "neutral": 2.9488952830433846
        },
        "location": "sad",
        "emotion_ratios": {
            "angry": 5,
            "disgust": 0,
            "fear": 13,
            "happy": 0,
            "sad": 77,
            "surprise": 0,
            "neutral": 2
        }
    },
    "frame_0461.jpg": {
        "frame_index": 461,
        "frame_relative_time": 15.213000000000001,
        "Emotion value": {
            "angry": 1.3272483182253458,
            "disgust": 2.1333391175098544e-06,
            "fear": 0.4176200800990963,
            "happy": 0.006457679368012623,
            "sad": 4.567758194475389,
            "surprise": 0.047456074553190224,
            "neutral": 93.6334557970219
        },
        "location": "neutral",
        "emotion_ratios": {
            "angry": 1,
            "disgust": 0,
            "fear": 0,
            "happy": 0,
            "sad": 4,
            "surprise": 0,
            "neutral": 93
        }
    },
    "frame_0462.jpg": {
        "frame_index": 462,
        "frame_relative_time": 15.246,
        "Emotion value": {
            "angry": 0.5455403123050928,
            "disgust": 0.00010292633305652998,
            "fear": 2.14281789958477,
            "happy": 0.022520232596434653,
            "sad": 62.54066824913025,
            "surprise": 0.003706980714923702,
            "neutral": 34.74465012550354
        },
        "location": "sad",
        "emotion_ratios": {
            "angry": 0,
            "disgust": 0,
            "fear": 2,
            "happy": 0,