{
    "frame_0177.jpg": {
        "frame_index": 177,
        "frame_relative_time": 5.841,
        "Emotion value": {
            "angry": 99.9646127202876,
            "disgust": 6.674293406278313e-12,
            "fear": 1.1386559574456959e-05,
            "happy": 1.8196534774160857e-11,
            "sad": 0.03374197896056497,
            "surprise": 1.4474755468945316e-12,
            "neutral": 0.0016353452403327408
        },
        "location": "angry",
        "emotion_ratios": {
            "angry": 99,
            "disgust": 0,
            "fear": 0,
            "happy": 0,
            "sad": 0,
            "surprise": 0,
            "neutral": 0
        }
    },
    "frame_0178.jpg": {
        "frame_index": 178,
        "frame_relative_time": 5.8740000000000006,
        "Emotion value": {
            "angry": 99.99139904924625,
            "disgust": 1.3697893649352305e-13,
            "fear": 1.1523472863330374e-07,
            "happy": 4.249863518435493e-11,
            "sad": 0.00845089794332857,
            "surprise": 3.583478976069716e-14,
            "neutral": 0.00015016325718634037
        },
        "location": "angry",
        "emotion_ratios": {
            "angry": 99,
            "disgust": 0,
            "fear": 0,
            "happy": 0,
            "sad": 0,
            "surprise": 0,
            "neutral": 0
        }
    },
    "frame_0180.jpg": {
        "frame_index": 180,
        "frame_relative_time": 5.94,
        "Emotion value": {
            "angry": 99.92188215255737,
            "disgust": 1.4902904469145298e-15,
            "fear": 1.1862795190609177e-07,
            "happy": 4.226611682173198e-10,
            "sad": 0.008345218520844355,
            "surprise": 4.335886548995144e-15,
            "neutral": 0.06977490847930312
        },
        "location": "angry",
        "emotion_ratios": {
            "angry": 99,
            "disgust": 0,
            "fear": 0,
            "happy": 0,
            "sad": 0,
            "surprise": 0,
            "neutral": 0
        }
    },
    "frame_0181.jpg": {
        "frame_index": 181,
        "frame_relative_time": 5.973,
        "Emotion value": {
            "angry": 99.99982118606567,
            "disgust": 3.6053499472692185e-14,
            "fear": 2.9696155257052936e-09,
            "happy": 3.2148125849763842e-12,
            "sad": 0.00017855221585705294,
            "surprise": 3.9876974432862574e-15,
            "neutral": 2.3183959640959984e-06
        },
        "location": "angry",
        "emotion_ratios": {
            "angry": 99,
            "disgust": 0,
            "fear": 0,
            "happy": 0,
            "sad": 0,
            "surprise": 0,
            "neutral": 0
        }
    },
    "frame_0182.jpg": {
        "frame_index": 182,
        "frame_relative_time": 6.006,
        "Emotion value": {
            "angry": 99.9390125347361,
            "disgust": 2.1973958498007393e-22,
            "fear": 1.4644659605868748e-10,
            "happy": 3.687988466592675e-12,
            "sad": 0.00014022053312238704,
            "surprise": 1.6946544124416426e-18,
            "neutral": 0.06083883784024861
        },
        "location": "angry",
        "emotion_ratios": {
            "angry": 99,
            "disgust": 0,
            "fear": 0,
            "happy": 0,
            "sad": 0,
            "surprise": 0,
            "neutral": 0
        }
    },
    "frame_0185.jpg": {
        "frame_index": 185,
        "frame_relative_time": 6.105,
        "Emotion value": {
            "angry": 99.99423027038574,
            "disgust": 7.593087372330384e-17,
            "fear": 2.7606270602831273e-07,
            "happy": 4.436039209576581e-11,
            "sad": 0.0015762616385472938,
            "surprise": 4.256016993367008e-12,
            "neutral": 0.0041966992284869775
        },
        "location": "angry",
        "emotion_ratios": {
            "angry": 99,
            "disgust": 0,
            "fear": 0,
            "happy": 0,
            "sad": 0,
            "surprise": 0,
            "neutral": 0
        }
    },
    "frame_0270.jpg": {
        "frame_index": 270,
        "frame_relative_time": 8.91,
        "Emotion value": {
            "angry": 99.94561076164246,
            "disgust": 6.054350907985386e-24,
            "fear": 2.9973104483408883e-12,
            "happy": 2.0561531643981112e-08,
            "sad": 0.0004219326910970267,
            "surprise": 5.0490546243323336e-17,
            "neutral": 0.05396738415583968
        },
        "location": "angry",
        "emotion_ratios": {
            "angry": 99,
            "disgust": 0,
            "fear": 0,
            "happy": 0,
            "sad": 0,
            "surprise": 0,
            "neutral": 0
        }
    },
    "frame_0285.jpg": {
        "frame_index": 285,
        "frame_relative_time": 9.405000000000001,
        "Emotion value": {
            "angry": 99.86321925301667,
            "disgust": 4.1533058669205946e-14,
            "fear": 1.5148327940106192e-09,
            "happy": 7.279856707269972e-07,
            "sad": 0.07037067390393757,
            "surprise": 2.187384341299458e-16,
            "neutral": 0.06641195900772268
        },
        "location": "angry",
        "emotion_ratios": {
            "angry": 99,
            "disgust": 0,
            "fear": 0,
            "happy": 0,
            "sad": 0,
            "surprise": 0,
            "neutral": 0
        }
    },
    "frame_0287.jpg": {
        "frame_index": 287,
        "frame_relative_time": 9.471,
        "Emotion value": {
            "angry": 98.80687594413757,
            "disgust": 3.904242814462e-10,
            "fear": 1.0399339167577182e-07,
            "happy": 1.1006351385844937e-07,
            "sad": 0.16152083408087492,
            "surprise": 1.9246203218173407e-15,
            "neutral": 1.0316016152501106
        },
        "location": "angry",
        "emotion_ratios": {
            "angry": 98,
            "disgust": 0,
            "fear": 0,
            "happy": 0,
            "sad": 0,
            "surprise": 0,
            "neutral": 1
        }
    },
    "frame_0298.jpg": {
        "frame_index": 298,
        "frame_relative_time": 9.834,
        "Emotion value": {
            "angry": 17.250455915927887,
            "disgust": 1.1021665802246616e-07,
            "fear": 0.00015697510207246523,
            "happy": 0.0038063193642301485,
            "sad": 0.7792866323143244,
            "surprise": 1.9170752699605546e-13,
            "neutral": 81.96629285812378
        },
        "location": "neutral",
        "emotion_ratios": {
            "angry": 17,
            "disgust": 0,
            "fear": 0,
            "happy": 0,
            "sad": 0,
            "surprise": 0,
            "neutral": 81
        }
    },
    "frame_0331.jpg": {
        "frame_index": 331,
        "frame_relative_time": 10.923,
        "Emotion value": {
            "angry": 99.86693859100342,
            "disgust": 1.356788686606815e-16,
            "fear": 5.982540851601215e-12,
            "happy": 3.202550757919198e-06,
            "sad": 0.0031252315238816664,
            "surprise": 1.960407199141039e-14,
            "neutral": 0.12993243290111423
        },
        "location": "angry",
        "emotion_ratios": {
            "angry": 99,
            "disgust": 0,
            "fear": 0,
            "happy": 0,
            "sad": 0,
            "surprise": 0,
            "neutral": 0
        }
    },
    "frame_0716.jpg": {
        "frame_index": 716,
        "frame_relative_time": 23.628,
        "Emotion value": {
            "angry": 100.0,
            "disgust": 3.9951910619096697e-25,
            "fear": 4.517482771805557e-18,
            "happy": 1.025894107709065e-16,
            "sad": 2.521181485803936e-07,
            "surprise": 2.005263813621407e-25,
            "neutral": 6.1952096230832865e-09
        },
        "location": "angry",