{
    "frame_0045.jpg": {
        "frame_index": 45,
        "frame_relative_time": 1.485,
        "Emotion value": {
            "angry": 0.0015842642824281938,
            "disgust": 7.308362248714673e-09,
            "fear": 3.7830714136362076,
            "happy": 0.0006772425876988564,
            "sad": 83.8441252708435,
            "surprise": 1.2532113125018896e-06,
            "neutral": 12.370536476373672
        },
        "location": "sad",
        "emotion_ratios": {
            "angry": 0,
            "disgust": 0,
            "fear": 3,
            "happy": 0,
            "sad": 83,
            "surprise": 0,
            "neutral": 12
        }
    },
    "frame_0049.jpg": {
        "frame_index": 49,
        "frame_relative_time": 1.617,
        "Emotion value": {
            "angry": 3.1700793707465373,
            "disgust": 6.447349592296638e-05,
            "fear": 0.794133545504039,
            "happy": 1.9977590588043999,
            "sad": 9.419529517832936,
            "surprise": 0.021171278399344195,
            "neutral": 84.59726388421821
        },
        "location": "neutral",
        "emotion_ratios": {
            "angry": 3,
            "disgust": 0,
            "fear": 0,
            "happy": 1,
            "sad": 9,
            "surprise": 0,
            "neutral": 84
        }
    },
    "frame_0050.jpg": {
        "frame_index": 50,
        "frame_relative_time": 1.6500000000000001,
        "Emotion value": {
            "angry": 0.1203655104184455,
            "disgust": 2.7189672579790916e-06,
            "fear": 0.21939218420637752,
            "happy": 0.5306543167325447,
            "sad": 3.1448608276165024,
            "surprise": 0.014423838861403696,
            "neutral": 95.970302580017
        },
        "location": "neutral",
        "emotion_ratios": {
            "angry": 0,
            "disgust": 0,
            "fear": 0,
            "happy": 0,
            "sad": 3,
            "surprise": 0,
            "neutral": 95
        }
    },
    "frame_0051.jpg": {
        "frame_index": 51,
        "frame_relative_time": 1.683,
        "Emotion value": {
            "angry": 9.504860639572144,
            "disgust": 2.551309385978584e-07,
            "fear": 0.04297891864553094,
            "happy": 0.23603569716215134,
            "sad": 63.68449926376343,
            "surprise": 0.004007072857348248,
            "neutral": 26.52762234210968
        },
        "location": "sad",
        "emotion_ratios": {
            "angry": 9,
            "disgust": 0,
            "fear": 0,
            "happy": 0,
            "sad": 63,
            "surprise": 0,
            "neutral": 26
        }
    },
    "frame_0053.jpg": {
        "frame_index": 53,
        "frame_relative_time": 1.749,
        "Emotion value": {
            "angry": 13.373232684924167,
            "disgust": 0.0002863496718111602,
            "fear": 1.1429978284536497,
            "happy": 3.293529349179825,
            "sad": 44.507714778644726,
            "surprise": 0.1997859569138859,
            "neutral": 37.48244866624169
        },
        "location": "sad",
        "emotion_ratios": {
            "angry": 13,
            "disgust": 0,
            "fear": 1,
            "happy": 3,
            "sad": 44,
            "surprise": 0,
            "neutral": 37
        }
    },
    "frame_0056.jpg": {
        "frame_index": 56,
        "frame_relative_time": 1.848,
        "Emotion value": {
            "angry": 0.18349593738093972,
            "disgust": 1.375714031581765e-06,
            "fear": 0.21246494725346565,
            "happy": 4.056434705853462,
            "sad": 0.8053803816437721,
            "surprise": 0.02424768463242799,
            "neutral": 94.71797943115234
        },
        "location": "neutral",
        "emotion_ratios": {
            "angry": 0,
            "disgust": 0,
            "fear": 0,
            "happy": 4,
            "sad": 0,
            "surprise": 0,
            "neutral": 94
        }
    },
    "frame_0185.jpg": {
        "frame_index": 185,
        "frame_relative_time": 6.105,
        "Emotion value": {
            "angry": 28.690701723098755,
            "disgust": 0.126764178276062,
            "fear": 10.86646020412445,
            "happy": 0.0015617275494150817,
            "sad": 59.57655906677246,
            "surprise": 0.0004605947651725728,
            "neutral": 0.7374976295977831
        },
        "location": "sad",
        "emotion_ratios": {
            "angry": 28,
            "disgust": 0,
            "fear": 10,
            "happy": 0,
            "sad": 59,
            "surprise": 0,
            "neutral": 0
        }
    },
    "frame_0227.jpg": {
        "frame_index": 227,
        "frame_relative_time": 7.4910000000000005,
        "Emotion value": {
            "angry": 3.7029500361740544,
            "disgust": 1.7512115890351149e-06,
            "fear": 2.0114542381221963,
            "happy": 0.028220907098356535,
            "sad": 73.6775727656397,
            "surprise": 3.0150402468394937,
            "neutral": 17.564761034874792
        },
        "location": "sad",
        "emotion_ratios": {
            "angry": 3,
            "disgust": 0,
            "fear": 2,
            "happy": 0,
            "sad": 73,
            "surprise": 3,
            "neutral": 17
        }
    },
    "emotion_all_ratios": {
        "angry": 0,
        "disgust": 0,
        "fear": 0,
        "happy": 0,
        "sad": 62,
        "surprise": 0,
        "neutral": 37
    }
}