{
    "frame_0265.jpg": {
        "frame_index": 265,
        "frame_relative_time": 8.745000000000001,
        "Emotion value": {
            "angry": 3.2814402133226395,
            "disgust": 2.6272093123225204e-05,
            "fear": 7.52817839384079,
            "happy": 0.005867300933459774,
            "sad": 12.719567120075226,
            "surprise": 0.054359150817617774,
            "neutral": 76.41056776046753
        },
        "location": "neutral",
        "emotion_ratios": {
            "angry": 3,
            "disgust": 0,
            "fear": 7,
            "happy": 0,
            "sad": 12,
            "surprise": 0,
            "neutral": 76
        }
    },
    "frame_0266.jpg": {
        "frame_index": 266,
        "frame_relative_time": 8.778,
        "Emotion value": {
            "angry": 3.9280883967876434,
            "disgust": 0.002016863800236024,
            "fear": 15.091469883918762,
            "happy": 0.0346378335962072,
            "sad": 17.472484707832336,
            "surprise": 0.03287899598944932,
            "neutral": 63.43842148780823
        },
        "location": "neutral",
        "emotion_ratios": {
            "angry": 3,
            "disgust": 0,
            "fear": 15,
            "happy": 0,
            "sad": 17,
            "surprise": 0,
            "neutral": 63
        }
    },
    "frame_0269.jpg": {
        "frame_index": 269,
        "frame_relative_time": 8.877,
        "Emotion value": {
            "angry": 3.8218557834625244,
            "disgust": 6.939798513627693e-07,
            "fear": 0.14046570286154747,
            "happy": 0.00018117668787454022,
            "sad": 9.282127022743225,
            "surprise": 6.4987567327534634e-06,
            "neutral": 86.75536513328552
        },
        "location": "neutral",
        "emotion_ratios": {
            "angry": 3,
            "disgust": 0,
            "fear": 0,
            "happy": 0,
            "sad": 9,
            "surprise": 0,
            "neutral": 86
        }
    },
    "frame_0270.jpg": {
        "frame_index": 270,
        "frame_relative_time": 8.91,
        "Emotion value": {
            "angry": 3.0886417233134345,
            "disgust": 1.986822558327188e-05,
            "fear": 0.580203288358646,
            "happy": 0.0005262362578718415,
            "sad": 12.0757609352923,
            "surprise": 7.673790238786311e-06,
            "neutral": 84.25484205811274
        },
        "location": "neutral",
        "emotion_ratios": {
            "angry": 3,
            "disgust": 0,
            "fear": 0,
            "happy": 0,
            "sad": 12,
            "surprise": 0,
            "neutral": 84
        }
    },
    "frame_0271.jpg": {
        "frame_index": 271,
        "frame_relative_time": 8.943,
        "Emotion value": {
            "angry": 2.6240939274430275,
            "disgust": 5.774926137291914e-06,
            "fear": 0.43551772832870483,
            "happy": 0.0004236432687321212,
            "sad": 13.554377853870392,
            "surprise": 2.1404500216704037e-05,
            "neutral": 83.38555693626404
        },
        "location": "neutral",
        "emotion_ratios": {
            "angry": 2,
            "disgust": 0,
            "fear": 0,
            "happy": 0,
            "sad": 13,
            "surprise": 0,
            "neutral": 83
        }
    },
    "emotion_all_ratios": {
        "angry": 0,
        "disgust": 0,
        "fear": 0,
        "happy": 0,
        "sad": 0,
        "surprise": 0,
        "neutral": 100
    }
}