{
    "frame_0088.jpg": {
        "frame_index": 88,
        "frame_relative_time": 2.904,
        "Emotion value": {
            "angry": 0.23940756481334954,
            "disgust": 1.2761881201970614e-06,
            "fear": 88.35954596755182,
            "happy": 0.014298888833847721,
            "sad": 9.012030602218545,
            "surprise": 0.6610059107694572,
            "neutral": 1.7137120567984614
        },
        "location": "fear",
        "emotion_ratios": {
            "angry": 0,
            "disgust": 0,
            "fear": 88,
            "happy": 0,
            "sad": 9,
            "surprise": 0,
            "neutral": 1
        }
    },
    "frame_0121.jpg": {
        "frame_index": 121,
        "frame_relative_time": 3.9930000000000003,
        "Emotion value": {
            "angry": 1.646989123343773,
            "disgust": 1.4534924175732876e-05,
            "fear": 91.63553664896111,
            "happy": 0.001550611433795776,
            "sad": 5.8543640884378005,
            "surprise": 0.3478729373438917,
            "neutral": 0.5136812877614073
        },
        "location": "fear",
        "emotion_ratios": {
            "angry": 1,
            "disgust": 0,
            "fear": 91,
            "happy": 0,
            "sad": 5,
            "surprise": 0,
            "neutral": 0
        }
    },
    "frame_0122.jpg": {
        "frame_index": 122,
        "frame_relative_time": 4.026,
        "Emotion value": {
            "angry": 0.09894644624101474,
            "disgust": 1.1037440722656748e-05,
            "fear": 97.54765004487635,
            "happy": 0.02043954253081367,
            "sad": 0.808545298402941,
            "surprise": 1.484442306690491,
            "neutral": 0.039970699107506766
        },
        "location": "fear",
        "emotion_ratios": {
            "angry": 0,
            "disgust": 0,
            "fear": 97,
            "happy": 0,
            "sad": 0,
            "surprise": 1,
            "neutral": 0
        }
    },
    "frame_0124.jpg": {
        "frame_index": 124,
        "frame_relative_time": 4.0920000000000005,
        "Emotion value": {
            "angry": 0.6818759255111217,
            "disgust": 1.6305035899222275e-05,
            "fear": 96.08718156814575,
            "happy": 0.0024251585273304954,
            "sad": 1.423893216997385,
            "surprise": 1.6268149018287659,
            "neutral": 0.1777917961589992
        },
        "location": "fear",
        "emotion_ratios": {
            "angry": 0,
            "disgust": 0,
            "fear": 96,
            "happy": 0,
            "sad": 1,
            "surprise": 1,
            "neutral": 0
        }
    },
    "frame_0137.jpg": {
        "frame_index": 137,
        "frame_relative_time": 4.521,
        "Emotion value": {
            "angry": 1.5322468243539333,
            "disgust": 0.00030537541988451267,
            "fear": 90.74284434318542,
            "happy": 0.004784575867233798,
            "sad": 3.71808223426342,
            "surprise": 3.9393875747919083,
            "neutral": 0.062344904290512204
        },
        "location": "fear",
        "emotion_ratios": {
            "angry": 1,
            "disgust": 0,
            "fear": 90,
            "happy": 0,
            "sad": 3,
            "surprise": 3,
            "neutral": 0
        }
    },
    "emotion_all_ratios": {
        "angry": 0,
        "disgust": 0,
        "fear": 100,
        "happy": 0,
        "sad": 0,
        "surprise": 0,
        "neutral": 0
    }
}