{
    "frame_0256.jpg": {
        "frame_index": 256,
        "frame_relative_time": 8.448,
        "Emotion value": {
            "angry": 0.024397647939622402,
            "disgust": 3.6655902757587455e-07,
            "fear": 0.04095387412235141,
            "happy": 0.24061733856797218,
            "sad": 3.2767392694950104,
            "surprise": 0.008939131657825783,
            "neutral": 96.40834927558899
        },
        "location": "neutral",
        "emotion_ratios": {
            "angry": 0,
            "disgust": 0,
            "fear": 0,
            "happy": 0,
            "sad": 3,
            "surprise": 0,
            "neutral": 96
        }
    },
    "frame_0261.jpg": {
        "frame_index": 261,
        "frame_relative_time": 8.613,
        "Emotion value": {
            "angry": 0.001262458923040882,
            "disgust": 3.4579510047535033e-09,
            "fear": 0.009757392107458962,
            "happy": 0.0029594217156930637,
            "sad": 1.4984774326953212,
            "surprise": 4.3599023992657084e-05,
            "neutral": 98.48750215619827
        },
        "location": "neutral",
        "emotion_ratios": {
            "angry": 0,
            "disgust": 0,
            "fear": 0,
            "happy": 0,
            "sad": 1,
            "surprise": 0,
            "neutral": 98
        }
    },
    "frame_0295.jpg": {
        "frame_index": 295,
        "frame_relative_time": 9.735000000000001,
        "Emotion value": {
            "angry": 0.005664917625836097,
            "disgust": 3.11685299791975e-07,
            "fear": 0.06544642383232713,
            "happy": 0.09493762627243996,
            "sad": 1.1799847707152367,
            "surprise": 0.009501555905444548,
            "neutral": 98.64446520805359
        },
        "location": "neutral",
        "emotion_ratios": {
            "angry": 0,
            "disgust": 0,
            "fear": 0,
            "happy": 0,
            "sad": 1,
            "surprise": 0,
            "neutral": 98
        }
    },
    "frame_0309.jpg": {
        "frame_index": 309,
        "frame_relative_time": 10.197000000000001,
        "Emotion value": {
            "angry": 0.00025419926714675967,
            "disgust": 3.5205887684297554e-11,
            "fear": 0.002968260923807975,
            "happy": 0.0007394259682769189,
            "sad": 0.4475858062505722,
            "surprise": 2.284661348994632e-06,
            "neutral": 99.5484471321106
        },
        "location": "neutral",
        "emotion_ratios": {
            "angry": 0,
            "disgust": 0,
            "fear": 0,
            "happy": 0,
            "sad": 0,
            "surprise": 0,
            "neutral": 99
        }
    },
    "frame_0347.jpg": {
        "frame_index": 347,
        "frame_relative_time": 11.451,
        "Emotion value": {
            "angry": 0.030172018502847463,
            "disgust": 6.61257328339307e-06,
            "fear": 1.9857323980767965,
            "happy": 3.492791413831199,
            "sad": 1.2784162366936347,
            "surprise": 0.33113520703525584,
            "neutral": 92.88174467574028
        },
        "location": "neutral",
        "emotion_ratios": {
            "angry": 0,
            "disgust": 0,
            "fear": 1,
            "happy": 3,
            "sad": 1,
            "surprise": 0,
            "neutral": 92
        }
    },
    "emotion_all_ratios": {
        "angry": 0,
        "disgust": 0,
        "fear": 0,
        "happy": 0,
        "sad": 0,
        "surprise": 0,
        "neutral": 100
    }
}