{
    "frame_0074.jpg": {
        "frame_index": 74,
        "frame_relative_time": 2.442,
        "Emotion value": {
            "angry": 0.6089295726269484,
            "disgust": 0.00011188334383405163,
            "fear": 94.73239183425903,
            "happy": 3.398500755429268,
            "sad": 0.7409396581351757,
            "surprise": 0.2822841750457883,
            "neutral": 0.23685027845203876
        },
        "location": "fear",
        "emotion_ratios": {
            "angry": 0,
            "disgust": 0,
            "fear": 94,
            "happy": 3,
            "sad": 0,
            "surprise": 0,
            "neutral": 0
        }
    },
    "frame_0136.jpg": {
        "frame_index": 136,
        "frame_relative_time": 4.488,
        "Emotion value": {
            "angry": 60.761559009552,
            "disgust": 0.183652073610574,
            "fear": 17.045891284942627,
            "happy": 6.938602030277252,
            "sad": 9.290753304958344,
            "surprise": 0.6390204653143883,
            "neutral": 5.140519887208939
        },
        "location": "angry",
        "emotion_ratios": {
            "angry": 60,
            "disgust": 0,
            "fear": 17,
            "happy": 6,
            "sad": 9,
            "surprise": 0,
            "neutral": 5
        }
    },
    "frame_0151.jpg": {
        "frame_index": 151,
        "frame_relative_time": 4.9830000000000005,
        "Emotion value": {
            "angry": 0.02932791132664897,
            "disgust": 1.0709558323457363e-07,
            "fear": 0.0005444795858084164,
            "happy": 99.96817707825763,
            "sad": 8.759788084108978e-06,
            "surprise": 4.561835270546395e-06,
            "neutral": 0.0019391026645107852
        },
        "location": "happy",
        "emotion_ratios": {
            "angry": 0,
            "disgust": 0,
            "fear": 0,
            "happy": 99,
            "sad": 0,
            "surprise": 0,
            "neutral": 0
        }
    },
    "frame_0228.jpg": {
        "frame_index": 228,
        "frame_relative_time": 7.524,
        "Emotion value": {
            "angry": 0.3708983538672328,
            "disgust": 4.065495051719381e-07,
            "fear": 62.72597312927246,
            "happy": 0.012466948828659952,
            "sad": 24.034008383750916,
            "surprise": 0.1090249395929277,
            "neutral": 12.747626006603241
        },
        "location": "fear",
        "emotion_ratios": {
            "angry": 0,
            "disgust": 0,
            "fear": 62,
            "happy": 0,
            "sad": 24,
            "surprise": 0,
            "neutral": 12
        }
    },
    "frame_0235.jpg": {
        "frame_index": 235,
        "frame_relative_time": 7.755000000000001,
        "Emotion value": {
            "angry": 0.17125730223866675,
            "disgust": 4.128847171567707e-06,
            "fear": 72.05610012339352,
            "happy": 0.008979746437950485,
            "sad": 25.053456419294307,
            "surprise": 0.00038334064789048586,
            "neutral": 2.709812720440302
        },
        "location": "fear",
        "emotion_ratios": {
            "angry": 0,
            "disgust": 0,
            "fear": 72,
            "happy": 0,
            "sad": 25,
            "surprise": 0,
            "neutral": 2
        }
    },
    "frame_0320.jpg": {
        "frame_index": 320,
        "frame_relative_time": 10.56,
        "Emotion value": {
            "angry": 98.43020420434524,
            "disgust": 4.506806132636569e-07,
            "fear": 0.315448586249183,
            "happy": 2.962476128957561e-05,
            "sad": 1.251493264167698,
            "surprise": 2.2708857902698e-10,
            "neutral": 0.002823317636337278
        },
        "location": "angry",
        "emotion_ratios": {
            "angry": 98,
            "disgust": 0,
            "fear": 0,
            "happy": 0,
            "sad": 1,
            "surprise": 0,
            "neutral": 0
        }
    },
    "frame_0322.jpg": {
        "frame_index": 322,
        "frame_relative_time": 10.626000000000001,
        "Emotion value": {
            "angry": 63.97145820004246,
            "disgust": 7.651478537905318e-06,
            "fear": 34.65061668746272,
            "happy": 0.0034782565709046637,
            "sad": 1.3731533887203469,
            "surprise": 2.6799329691455802e-05,
            "neutral": 0.0012538595325660238
        },
        "location": "angry",
        "emotion_ratios": {
            "angry": 63,
            "disgust": 0,
            "fear": 34,
            "happy": 0,
            "sad": 1,
            "surprise": 0,
            "neutral": 0
        }
    },
    "emotion_all_ratios": {
        "angry": 42,
        "disgust": 0,
        "fear": 42,
        "happy": 14,
        "sad": 0,
        "surprise": 0,
        "neutral": 0
    }
}