{
    "frame_0005.jpg": {
        "frame_index": 5,
        "frame_relative_time": 0.165,
        "Emotion value": {
            "angry": 0.0013717148157381435,
            "disgust": 4.277093122095206e-12,
            "fear": 3.478648348370096,
            "happy": 0.02826337172543238,
            "sad": 1.7242339536091063,
            "surprise": 0.07572367190971505,
            "neutral": 94.69175903151984
        },
        "location": "neutral",
        "emotion_ratios": {
            "angry": 0,
            "disgust": 0,
            "fear": 3,
            "happy": 0,
            "sad": 1,
            "surprise": 0,
            "neutral": 94
        }
    },
    "frame_0006.jpg": {
        "frame_index": 6,
        "frame_relative_time": 0.198,
        "Emotion value": {
            "angry": 0.009712453902466223,
            "disgust": 1.1109179982177197e-10,
            "fear": 21.93050980567932,
            "happy": 0.15005023451521993,
            "sad": 3.0098482966423035,
            "surprise": 2.3207666352391243,
            "neutral": 72.57910966873169
        },
        "location": "neutral",
        "emotion_ratios": {
            "angry": 0,
            "disgust": 0,
            "fear": 21,
            "happy": 0,
            "sad": 3,
            "surprise": 2,
            "neutral": 72
        }
    },
    "frame_0007.jpg": {
        "frame_index": 7,
        "frame_relative_time": 0.231,
        "Emotion value": {
            "angry": 0.003291191387688741,
            "disgust": 5.5319811231857585e-11,
            "fear": 34.908539056777954,
            "happy": 0.20308373495936394,
            "sad": 1.214688178151846,
            "surprise": 0.7752333767712116,
            "neutral": 62.895166873931885
        },
        "location": "neutral",
        "emotion_ratios": {
            "angry": 0,
            "disgust": 0,
            "fear": 34,
            "happy": 0,
            "sad": 1,
            "surprise": 0,
            "neutral": 62
        }
    },
    "frame_0008.jpg": {
        "frame_index": 8,
        "frame_relative_time": 0.264,
        "Emotion value": {
            "angry": 0.0015608018657076173,
            "disgust": 4.7686474994451666e-11,
            "fear": 15.875045955181122,
            "happy": 1.5599200502038002,
            "sad": 3.595597669482231,
            "surprise": 3.064914792776108,
            "neutral": 75.90296268463135
        },
        "location": "neutral",
        "emotion_ratios": {
            "angry": 0,
            "disgust": 0,
            "fear": 15,
            "happy": 1,
            "sad": 3,
            "surprise": 3,
            "neutral": 75
        }
    },
    "frame_0015.jpg": {
        "frame_index": 15,
        "frame_relative_time": 0.495,
        "Emotion value": {
            "angry": 0.011881361569976434,
            "disgust": 5.741804167541664e-10,
            "fear": 9.720273315906525,
            "happy": 3.8227424025535583,
            "sad": 2.798079326748848,
            "surprise": 0.8094113320112228,
            "neutral": 82.83761143684387
        },
        "location": "neutral",
        "emotion_ratios": {
            "angry": 0,
            "disgust": 0,
            "fear": 9,
            "happy": 3,
            "sad": 2,
            "surprise": 0,
            "neutral": 82
        }
    },
    "frame_0020.jpg": {
        "frame_index": 20,
        "frame_relative_time": 0.66,
        "Emotion value": {
            "angry": 0.0004164126907380303,
            "disgust": 3.708728912866689e-12,
            "fear": 2.544167148272139,
            "happy": 0.1317303470694605,
            "sad": 1.025115576372674,
            "surprise": 0.7716621283695545,
            "neutral": 95.52690440095611
        },
        "location": "neutral",
        "emotion_ratios": {
            "angry": 0,
            "disgust": 0,
            "fear": 2,
            "happy": 0,
            "sad": 1,
            "surprise": 0,
            "neutral": 95
        }
    },
    "frame_0021.jpg": {
        "frame_index": 21,
        "frame_relative_time": 0.6930000000000001,
        "Emotion value": {
            "angry": 0.0005300897416782039,
            "disgust": 2.9444957478929535e-12,
            "fear": 0.47883021705330714,
            "happy": 0.16526931252073124,
            "sad": 0.5743325098951166,
            "surprise": 0.4593689268451289,
            "neutral": 98.32167019377174
        },
        "location": "neutral",
        "emotion_ratios": {
            "angry": 0,
            "disgust": 0,
            "fear": 0,
            "happy": 0,
            "sad": 0,
            "surprise": 0,
            "neutral": 98
        }
    },
    "frame_0022.jpg": {
        "frame_index": 22,
        "frame_relative_time": 0.726,
        "Emotion value": {
            "angry": 0.0016415328969555958,
            "disgust": 2.4332292731991967e-11,
            "fear": 0.44737730979188145,
            "happy": 0.13901383746125326,
            "sad": 1.103042131843694,
            "surprise": 0.6709764180169354,
            "neutral": 97.63795123326487
        },
        "location": "neutral",
        "emotion_ratios": {
            "angry": 0,
            "disgust": 0,
            "fear": 0,
            "happy": 0,
            "sad": 1,
            "surprise": 0,
            "neutral": 97
        }
    },
    "frame_0023.jpg": {
        "frame_index": 23,
        "frame_relative_time": 0.759,
        "Emotion value": {
            "angry": 0.004847189484280534,
            "disgust": 4.6119385437373706e-11,
            "fear": 7.47264102101326,
            "happy": 3.1427495181560516,
            "sad": 0.3010338405147195,
            "surprise": 13.448575139045715,
            "neutral": 75.63015818595886
        },
        "location": "neutral",
        "emotion_ratios": {
            "angry": 0,
            "disgust": 0,
            "fear": 7,
            "happy": 3,
            "sad": 0,
            "surprise": 13,
            "neutral": 75
        }
    },
    "frame_0024.jpg": {
        "frame_index": 24,
        "frame_relative_time": 0.792,
        "Emotion value": {
            "angry": 0.002079839578073006,
            "disgust": 4.067148974920033e-12,
            "fear": 4.1834089905023575,
            "happy": 0.8883918635547161,
            "sad": 0.17553374636918306,
            "surprise": 7.039470225572586,
            "neutral": 87.71111965179443
        },
        "location": "neutral",
        "emotion_ratios": {
            "angry": 0,
            "disgust": 0,
            "fear": 4,
            "happy": 0,
            "sad": 0,
            "surprise": 7,
            "neutral": 87
        }
    },
    "frame_0025.jpg": {
        "frame_index": 25,
        "frame_relative_time": 0.8250000000000001,
        "Emotion value": {
            "angry": 0.0011221281965845264,
            "disgust": 3.4554547808166025e-11,
            "fear": 2.462824620306492,
            "happy": 0.28819036670029163,
            "sad": 1.327686756849289,
            "surprise": 0.4413458053022623,
            "neutral": 95.4788327217102
        },
        "location": "neutral",
        "emotion_ratios": {
            "angry": 0,
            "disgust": 0,
            "fear": 2,
            "happy": 0,
            "sad": 1,
            "surprise": 0,
            "neutral": 95
        }
    },
    "frame_0026.jpg": {
        "frame_index": 26,
        "frame_relative_time": 0.8580000000000001,
        "Emotion value": {
            "angry": 0.007650157931493595,
            "disgust": 9.258012108673275e-11,
            "fear": 4.409582540392876,
            "happy": 3.061750903725624,
            "sad": 0.4082567058503628,
            "surprise": 17.511218786239624,
            "neutral": 74.60153698921204
        },
        "location": "neutral",
        "emotion_ratios": {
            "angry": 0,
            "disgust": 0,
            "fear": 4,
            "happy": 3,