{
    "frame_0134.jpg": {
        "frame_index": 134,
        "frame_relative_time": 4.422000000000001,
        "Emotion value": {
            "angry": 7.803179323673248,
            "disgust": 0.0017750373444869183,
            "fear": 16.57671183347702,
            "happy": 0.4998002201318741,
            "sad": 73.10506701469421,
            "surprise": 0.32724086195230484,
            "neutral": 1.686226949095726
        },
        "location": "sad",
        "emotion_ratios": {
            "angry": 7,
            "disgust": 0,
            "fear": 16,
            "happy": 0,
            "sad": 73,
            "surprise": 0,
            "neutral": 1
        }
    },
    "frame_0135.jpg": {
        "frame_index": 135,
        "frame_relative_time": 4.455,
        "Emotion value": {
            "angry": 24.27787478434293,
            "disgust": 1.9390008116896435e-09,
            "fear": 17.652074554686223,
            "happy": 0.0003520178534652969,
            "sad": 56.58775309251267,
            "surprise": 0.003600268460965884,
            "neutral": 1.4783461528030726
        },
        "location": "sad",
        "emotion_ratios": {
            "angry": 24,
            "disgust": 0,
            "fear": 17,
            "happy": 0,
            "sad": 56,
            "surprise": 0,
            "neutral": 1
        }
    },
    "frame_0136.jpg": {
        "frame_index": 136,
        "frame_relative_time": 4.488,
        "Emotion value": {
            "angry": 92.87108863936798,
            "disgust": 2.0097692223804675e-07,
            "fear": 0.10130032853554743,
            "happy": 0.00798742526337464,
            "sad": 0.8702011672912636,
            "surprise": 8.19463155122617e-05,
            "neutral": 6.14934006043195
        },
        "location": "angry",
        "emotion_ratios": {
            "angry": 92,
            "disgust": 0,
            "fear": 0,
            "happy": 0,
            "sad": 0,
            "surprise": 0,
            "neutral": 6
        }
    },
    "frame_0137.jpg": {
        "frame_index": 137,
        "frame_relative_time": 4.521,
        "Emotion value": {
            "angry": 7.663421332836151,
            "disgust": 1.6445853567859103e-07,
            "fear": 39.437317848205566,
            "happy": 4.35744595961296e-05,
            "sad": 52.5701642036438,
            "surprise": 0.013288833724800497,
            "neutral": 0.3157700877636671
        },
        "location": "sad",
        "emotion_ratios": {
            "angry": 7,
            "disgust": 0,
            "fear": 39,
            "happy": 0,
            "sad": 52,
            "surprise": 0,
            "neutral": 0
        }
    },
    "frame_0140.jpg": {
        "frame_index": 140,
        "frame_relative_time": 4.62,
        "Emotion value": {
            "angry": 2.2206980735063553,
            "disgust": 0.0030770162993576378,
            "fear": 2.3528538644313812,
            "happy": 0.3617112524807453,
            "sad": 3.3583883196115494,
            "surprise": 0.09545088396407664,
            "neutral": 91.60782098770142
        },
        "location": "neutral",
        "emotion_ratios": {
            "angry": 2,
            "disgust": 0,
            "fear": 2,
            "happy": 0,
            "sad": 3,
            "surprise": 0,
            "neutral": 91
        }
    },
    "frame_0202.jpg": {
        "frame_index": 202,
        "frame_relative_time": 6.666,
        "Emotion value": {
            "angry": 7.231824028508527e-07,
            "disgust": 2.4878376747373466e-14,
            "fear": 1.823309281334673e-07,
            "happy": 99.6986448764801,
            "sad": 5.7212315596189e-05,
            "surprise": 1.595434895307335e-07,
            "neutral": 0.30129861552268267
        },
        "location": "happy",
        "emotion_ratios": {
            "angry": 0,
            "disgust": 0,
            "fear": 0,
            "happy": 99,
            "sad": 0,
            "surprise": 0,
            "neutral": 0
        }
    },
    "emotion_all_ratios": {
        "angry": 16,
        "disgust": 0,
        "fear": 0,
        "happy": 16,
        "sad": 50,
        "surprise": 0,
        "neutral": 16
    }
}