{
    "frame_0036.jpg": {
        "frame_index": 36,
        "frame_relative_time": 1.1880000000000002,
        "Emotion value": {
            "angry": 1.6938088305224381,
            "disgust": 5.289696938274431e-06,
            "fear": 0.7221446443027681,
            "happy": 1.253258939443953,
            "sad": 94.40358347850042,
            "surprise": 4.420077925640638e-10,
            "neutral": 1.9271909755836754
        },
        "location": "sad",
        "emotion_ratios": {
            "angry": 1,
            "disgust": 0,
            "fear": 0,
            "happy": 1,
            "sad": 94,
            "surprise": 0,
            "neutral": 1
        }
    },
    "frame_0037.jpg": {
        "frame_index": 37,
        "frame_relative_time": 1.221,
        "Emotion value": {
            "angry": 0.7599232278110709,
            "disgust": 3.203827718669248e-05,
            "fear": 0.25539390492213904,
            "happy": 0.00290517202230448,
            "sad": 1.921339104015934,
            "surprise": 7.165513407746245e-05,
            "neutral": 97.0603290724362
        },
        "location": "neutral",
        "emotion_ratios": {
            "angry": 0,
            "disgust": 0,
            "fear": 0,
            "happy": 0,
            "sad": 1,
            "surprise": 0,
            "neutral": 97
        }
    },
    "frame_0038.jpg": {
        "frame_index": 38,
        "frame_relative_time": 1.254,
        "Emotion value": {
            "angry": 8.172011117459006,
            "disgust": 0.0233995334688296,
            "fear": 26.412193561327072,
            "happy": 0.03138050856846622,
            "sad": 62.21381796680796,
            "surprise": 0.019489200783249783,
            "neutral": 3.12770586476957
        },
        "location": "sad",
        "emotion_ratios": {
            "angry": 8,
            "disgust": 0,
            "fear": 26,
            "happy": 0,
            "sad": 62,
            "surprise": 0,
            "neutral": 3
        }
    },
    "frame_0039.jpg": {
        "frame_index": 39,
        "frame_relative_time": 1.2870000000000001,
        "Emotion value": {
            "angry": 0.07938948583875512,
            "disgust": 5.7201458093491974e-08,
            "fear": 0.007609751354459754,
            "happy": 8.436451187564003e-05,
            "sad": 0.2777065781627046,
            "surprise": 6.4118030265525915e-06,
            "neutral": 99.6352016708375
        },
        "location": "neutral",
        "emotion_ratios": {
            "angry": 0,
            "disgust": 0,
            "fear": 0,
            "happy": 0,
            "sad": 0,
            "surprise": 0,
            "neutral": 99
        }
    },
    "frame_0040.jpg": {
        "frame_index": 40,
        "frame_relative_time": 1.32,
        "Emotion value": {
            "angry": 82.03184008598328,
            "disgust": 3.3799471554907257e-08,
            "fear": 13.785427808761597,
            "happy": 4.068685695528984,
            "sad": 0.01564493722980842,
            "surprise": 0.004623315908247605,
            "neutral": 0.09377907263115048
        },
        "location": "angry",
        "emotion_ratios": {
            "angry": 82,
            "disgust": 0,
            "fear": 13,
            "happy": 4,
            "sad": 0,
            "surprise": 0,
            "neutral": 0
        }
    },
    "frame_0041.jpg": {
        "frame_index": 41,
        "frame_relative_time": 1.353,
        "Emotion value": {
            "angry": 8.346349745988846,
            "disgust": 1.098830575141374e-09,
            "fear": 63.30171823501587,
            "happy": 0.1475561293773353,
            "sad": 0.10484883096069098,
            "surprise": 18.463589251041412,
            "neutral": 9.635939449071884
        },
        "location": "fear",
        "emotion_ratios": {
            "angry": 8,
            "disgust": 0,
            "fear": 63,
            "happy": 0,
            "sad": 0,
            "surprise": 18,
            "neutral": 9
        }
    },
    "frame_0042.jpg": {
        "frame_index": 42,
        "frame_relative_time": 1.3860000000000001,
        "Emotion value": {
            "angry": 33.517202734947205,
            "disgust": 1.0826507051975298e-08,
            "fear": 63.709843158721924,
            "happy": 2.2984711453318596,
            "sad": 0.11620090808719397,
            "surprise": 0.016601226525381207,
            "neutral": 0.341682368889451
        },
        "location": "fear",
        "emotion_ratios": {
            "angry": 33,
            "disgust": 0,
            "fear": 63,
            "happy": 2,
            "sad": 0,
            "surprise": 0,
            "neutral": 0
        }
    },
    "frame_0043.jpg": {
        "frame_index": 43,
        "frame_relative_time": 1.419,
        "Emotion value": {
            "angry": 0.1906226039864123,
            "disgust": 2.286839304588284e-05,
            "fear": 0.0041980547393905,
            "happy": 16.603724658489227,
            "sad": 76.75240635871887,
            "surprise": 2.2966937379687025e-09,
            "neutral": 6.449030339717865
        },
        "location": "sad",
        "emotion_ratios": {
            "angry": 0,
            "disgust": 0,
            "fear": 0,
            "happy": 16,
            "sad": 76,
            "surprise": 0,
            "neutral": 6
        }
    },
    "frame_0044.jpg": {
        "frame_index": 44,
        "frame_relative_time": 1.452,
        "Emotion value": {
            "angry": 17.195354402065277,
            "disgust": 0.003057942012674175,
            "fear": 4.816038906574249,
            "happy": 0.2704849699512124,
            "sad": 2.1209081634879112,
            "surprise": 0.8023859933018684,
            "neutral": 74.79177713394165
        },
        "location": "neutral",
        "emotion_ratios": {
            "angry": 17,
            "disgust": 0,
            "fear": 4,
            "happy": 0,
            "sad": 2,
            "surprise": 0,
            "neutral": 74
        }
    },
    "frame_0045.jpg": {
        "frame_index": 45,
        "frame_relative_time": 1.485,
        "Emotion value": {
            "angry": 0.06608898402191699,
            "disgust": 2.9775895082906345e-07,
            "fear": 0.3322199219837785,
            "happy": 0.19872619304805994,
            "sad": 39.103856682777405,
            "surprise": 7.06580438603055e-07,
            "neutral": 60.29910445213318
        },
        "location": "neutral",
        "emotion_ratios": {
            "angry": 0,
            "disgust": 0,
            "fear": 0,
            "happy": 0,
            "sad": 39,
            "surprise": 0,
            "neutral": 60
        }
    },
    "frame_0046.jpg": {
        "frame_index": 46,
        "frame_relative_time": 1.518,
        "Emotion value": {
            "angry": 3.06631401181221,
            "disgust": 7.042534555523616e-07,
            "fear": 0.7331100292503834,
            "happy": 95.76725363731384,
            "sad": 0.014391564764082432,
            "surprise": 0.0004696556970884558,
            "neutral": 0.41845710948109627
        },
        "location": "happy",
        "emotion_ratios": {
            "angry": 3,
            "disgust": 0,
            "fear": 0,
            "happy": 95,
            "sad": 0,
            "surprise": 0,
            "neutral": 0
        }
    },
    "frame_0047.jpg": {
        "frame_index": 47,
        "frame_relative_time": 1.5510000000000002,
        "Emotion value": {
            "angry": 0.007099517097231001,
            "disgust": 2.7677250682284216e-10,
            "fear": 0.08363349479623139,
            "happy": 0.04337586578913033,
            "sad": 8.23945701122284,
            "surprise": 1.741139010746906e-07,
            "neutral": 91.62643551826477
        },
        "location": "neutral",
        "emotion_ratios": {
            "angry": 0,
            "disgust": 0,
            "fear": 0,
            "happy": 0,