{
    "frame_0022.jpg": {
        "frame_index": 22,
        "frame_relative_time": 0.726,
        "Emotion value": {
            "angry": 0.5324220284819603,
            "disgust": 0.0005280965524434578,
            "fear": 2.6413219049572945,
            "happy": 84.44325923919678,
            "sad": 1.7388388514518738,
            "surprise": 0.317436084151268,
            "neutral": 10.326194018125534
        },
        "location": "happy",
        "emotion_ratios": {
            "angry": 0,
            "disgust": 0,
            "fear": 2,
            "happy": 84,
            "sad": 1,
            "surprise": 0,
            "neutral": 10
        }
    },
    "frame_0325.jpg": {
        "frame_index": 325,
        "frame_relative_time": 10.725,
        "Emotion value": {
            "angry": 0.00015380924636694042,
            "disgust": 4.477712696796543e-11,
            "fear": 0.01106460053937615,
            "happy": 99.98113513217746,
            "sad": 0.0012855049421944351,
            "surprise": 0.0025662097538240733,
            "neutral": 0.0037874363475322234
        },
        "location": "happy",
        "emotion_ratios": {
            "angry": 0,
            "disgust": 0,
            "fear": 0,
            "happy": 99,
            "sad": 0,
            "surprise": 0,
            "neutral": 0
        }
    },
    "frame_0326.jpg": {
        "frame_index": 326,
        "frame_relative_time": 10.758000000000001,
        "Emotion value": {
            "angry": 7.093447329905458e-05,
            "disgust": 9.892850332622087e-12,
            "fear": 0.02456795480596068,
            "happy": 99.83028175469855,
            "sad": 0.0009144456090705582,
            "surprise": 0.1121213525985059,
            "neutral": 0.032038680183746795
        },
        "location": "happy",
        "emotion_ratios": {
            "angry": 0,
            "disgust": 0,
            "fear": 0,
            "happy": 99,
            "sad": 0,
            "surprise": 0,
            "neutral": 0
        }
    },
    "frame_0340.jpg": {
        "frame_index": 340,
        "frame_relative_time": 11.22,
        "Emotion value": {
            "angry": 0.38234477347700435,
            "disgust": 0.0017800456741106912,
            "fear": 57.839611639953354,
            "happy": 0.06690907574461852,
            "sad": 41.079788868414695,
            "surprise": 0.000503010854086205,
            "neutral": 0.6290734654857794
        },
        "location": "fear",
        "emotion_ratios": {
            "angry": 0,
            "disgust": 0,
            "fear": 57,
            "happy": 0,
            "sad": 41,
            "surprise": 0,
            "neutral": 0
        }
    },
    "frame_0351.jpg": {
        "frame_index": 351,
        "frame_relative_time": 11.583,
        "Emotion value": {
            "angry": 0.5265521189210273,
            "disgust": 5.078881154151658e-08,
            "fear": 36.97335279305544,
            "happy": 0.015347421493409247,
            "sad": 54.92861808197283,
            "surprise": 0.0010648051651822765,
            "neutral": 7.555055462711398
        },
        "location": "sad",
        "emotion_ratios": {
            "angry": 0,
            "disgust": 0,
            "fear": 36,
            "happy": 0,
            "sad": 54,
            "surprise": 0,
            "neutral": 7
        }
    },
    "frame_0352.jpg": {
        "frame_index": 352,
        "frame_relative_time": 11.616,
        "Emotion value": {
            "angry": 2.403137646615505,
            "disgust": 1.1553779244422913,
            "fear": 95.20167708396912,
            "happy": 0.38669947534799576,
            "sad": 0.10723680024966598,
            "surprise": 0.5777801387012005,
            "neutral": 0.16809847438707948
        },
        "location": "fear",
        "emotion_ratios": {
            "angry": 2,
            "disgust": 1,
            "fear": 95,
            "happy": 0,
            "sad": 0,
            "surprise": 0,
            "neutral": 0
        }
    },
    "frame_0369.jpg": {
        "frame_index": 369,
        "frame_relative_time": 12.177000000000001,
        "Emotion value": {
            "angry": 1.537315733730793,
            "disgust": 0.7417414337396622,
            "fear": 5.908983945846558,
            "happy": 58.768004179000854,
            "sad": 25.2751886844635,
            "surprise": 0.008687285298947245,
            "neutral": 7.76008665561676
        },
        "location": "happy",
        "emotion_ratios": {
            "angry": 1,
            "disgust": 0,
            "fear": 5,
            "happy": 58,
            "sad": 25,
            "surprise": 0,
            "neutral": 7
        }
    },
    "frame_0399.jpg": {
        "frame_index": 399,
        "frame_relative_time": 13.167,
        "Emotion value": {
            "angry": 14.165957073455205,
            "disgust": 0.009088530722463566,
            "fear": 11.454376702979005,
            "happy": 0.023798841066889783,
            "sad": 74.13274954167014,
            "surprise": 0.03714532206803446,
            "neutral": 0.17687828732615266
        },
        "location": "sad",
        "emotion_ratios": {
            "angry": 14,
            "disgust": 0,
            "fear": 11,
            "happy": 0,
            "sad": 74,
            "surprise": 0,
            "neutral": 0
        }
    },
    "frame_0401.jpg": {
        "frame_index": 401,
        "frame_relative_time": 13.233,
        "Emotion value": {
            "angry": 0.0596267229411751,
            "disgust": 0.004265731331543066,
            "fear": 0.6380791310220957,
            "happy": 13.998894393444061,
            "sad": 12.843941152095795,
            "surprise": 0.27605267241597176,
            "neutral": 72.17914462089539
        },
        "location": "neutral",
        "emotion_ratios": {
            "angry": 0,
            "disgust": 0,
            "fear": 0,
            "happy": 13,
            "sad": 12,
            "surprise": 0,
            "neutral": 72
        }
    },
    "frame_0402.jpg": {
        "frame_index": 402,
        "frame_relative_time": 13.266,
        "Emotion value": {
            "angry": 0.007521684165112674,
            "disgust": 0.0009133525963989086,
            "fear": 0.10959134669974446,
            "happy": 93.69738698005676,
            "sad": 6.095194444060326,
            "surprise": 0.001151092965301359,
            "neutral": 0.08824104443192482
        },
        "location": "happy",
        "emotion_ratios": {
            "angry": 0,
            "disgust": 0,
            "fear": 0,
            "happy": 93,
            "sad": 6,
            "surprise": 0,
            "neutral": 0
        }
    },
    "frame_0466.jpg": {
        "frame_index": 466,
        "frame_relative_time": 15.378,
        "Emotion value": {
            "angry": 0.0001405249463459768,
            "disgust": 2.9487710051512295e-06,
            "fear": 0.002862991823349148,
            "happy": 95.50754427909851,
            "sad": 0.0035681205190485343,
            "surprise": 3.7203719216449826e-06,
            "neutral": 4.485877230763435
        },
        "location": "happy",
        "emotion_ratios": {
            "angry": 0,
            "disgust": 0,
            "fear": 0,
            "happy": 95,
            "sad": 0,
            "surprise": 0,
            "neutral": 4
        }
    },
    "emotion_all_ratios": {
        "angry": 0,
        "disgust": 0,
        "fear": 25,
        "happy": 50,
        "sad": 16,
        "surprise": 0,
        "neutral": 8
    }
}