{
    "frame_0000.jpg": {
        "frame_index": 0,
        "frame_relative_time": 0.0,
        "Emotion value": {
            "angry": 0.2842911286279559,
            "disgust": 0.004152891779085621,
            "fear": 29.377803206443787,
            "happy": 0.483447453007102,
            "sad": 31.452351808547974,
            "surprise": 0.028683251002803445,
            "neutral": 38.369277119636536
        },
        "location": "neutral",
        "emotion_ratios": {
            "angry": 0,
            "disgust": 0,
            "fear": 29,
            "happy": 0,
            "sad": 31,
            "surprise": 0,
            "neutral": 38
        }
    },
    "frame_0001.jpg": {
        "frame_index": 1,
        "frame_relative_time": 0.033,
        "Emotion value": {
            "angry": 0.3538304241374135,
            "disgust": 0.0030816197977401316,
            "fear": 6.374729424715042,
            "happy": 0.461000669747591,
            "sad": 25.832495093345642,
            "surprise": 0.008769580745138228,
            "neutral": 66.96609854698181
        },
        "location": "neutral",
        "emotion_ratios": {
            "angry": 0,
            "disgust": 0,
            "fear": 6,
            "happy": 0,
            "sad": 25,
            "surprise": 0,
            "neutral": 66
        }
    },
    "frame_0002.jpg": {
        "frame_index": 2,
        "frame_relative_time": 0.066,
        "Emotion value": {
            "angry": 1.6292451029116037,
            "disgust": 0.139907019127252,
            "fear": 74.78063997991562,
            "happy": 0.23492686922721495,
            "sad": 16.94062405116845,
            "surprise": 0.13868427393174457,
            "neutral": 6.13597779106829
        },
        "location": "fear",
        "emotion_ratios": {
            "angry": 1,
            "disgust": 0,
            "fear": 74,
            "happy": 0,
            "sad": 16,
            "surprise": 0,
            "neutral": 6
        }
    },
    "frame_0003.jpg": {
        "frame_index": 3,
        "frame_relative_time": 0.099,
        "Emotion value": {
            "angry": 1.5032805502414703,
            "disgust": 0.004451288259588182,
            "fear": 4.33582104742527,
            "happy": 2.00493261218071,
            "sad": 33.7347149848938,
            "surprise": 0.033808741136454046,
            "neutral": 58.382993936538696
        },
        "location": "neutral",
        "emotion_ratios": {
            "angry": 1,
            "disgust": 0,
            "fear": 4,
            "happy": 2,
            "sad": 33,
            "surprise": 0,
            "neutral": 58
        }
    },
    "frame_0004.jpg": {
        "frame_index": 4,
        "frame_relative_time": 0.132,
        "Emotion value": {
            "angry": 1.513436995446682,
            "disgust": 0.0035976139770355076,
            "fear": 1.5237513929605484,
            "happy": 3.246530517935753,
            "sad": 21.588338911533356,
            "surprise": 0.055140425683930516,
            "neutral": 72.06920385360718
        },
        "location": "neutral",
        "emotion_ratios": {
            "angry": 1,
            "disgust": 0,
            "fear": 1,
            "happy": 3,
            "sad": 21,
            "surprise": 0,
            "neutral": 72
        }
    },
    "frame_0005.jpg": {
        "frame_index": 5,
        "frame_relative_time": 0.165,
        "Emotion value": {
            "angry": 10.343892872333527,
            "disgust": 0.006805997691117227,
            "fear": 4.041284695267677,
            "happy": 4.197801277041435,
            "sad": 22.48026430606842,
            "surprise": 0.5979036912322044,
            "neutral": 58.33204984664917
        },
        "location": "neutral",
        "emotion_ratios": {
            "angry": 10,
            "disgust": 0,
            "fear": 4,
            "happy": 4,
            "sad": 22,
            "surprise": 0,
            "neutral": 58
        }
    },
    "frame_0006.jpg": {
        "frame_index": 6,
        "frame_relative_time": 0.198,
        "Emotion value": {
            "angry": 29.195967316627502,
            "disgust": 0.009640579082770273,
            "fear": 3.999192640185356,
            "happy": 4.463772103190422,
            "sad": 10.304838418960571,
            "surprise": 0.7413153070956469,
            "neutral": 51.28527879714966
        },
        "location": "neutral",
        "emotion_ratios": {
            "angry": 29,
            "disgust": 0,
            "fear": 3,
            "happy": 4,
            "sad": 10,
            "surprise": 0,
            "neutral": 51
        }
    },
    "frame_0007.jpg": {
        "frame_index": 7,
        "frame_relative_time": 0.231,
        "Emotion value": {
            "angry": 9.208780919458757,
            "disgust": 0.037086366445706315,
            "fear": 16.379639043851014,
            "happy": 7.594723839196702,
            "sad": 28.751587420512745,
            "surprise": 0.6776624017015217,
            "neutral": 37.35051603907156
        },
        "location": "neutral",
        "emotion_ratios": {
            "angry": 9,
            "disgust": 0,
            "fear": 16,
            "happy": 7,
            "sad": 28,
            "surprise": 0,
            "neutral": 37
        }
    },
    "frame_0008.jpg": {
        "frame_index": 8,
        "frame_relative_time": 0.264,
        "Emotion value": {
            "angry": 14.217084003513097,
            "disgust": 0.03745002255011484,
            "fear": 51.36937805231679,
            "happy": 4.400376492761165,
            "sad": 21.586274897234137,
            "surprise": 0.40545470635322967,
            "neutral": 7.983979313610751
        },
        "location": "fear",
        "emotion_ratios": {
            "angry": 14,
            "disgust": 0,
            "fear": 51,
            "happy": 4,
            "sad": 21,
            "surprise": 0,
            "neutral": 7
        }
    },
    "frame_0010.jpg": {
        "frame_index": 10,
        "frame_relative_time": 0.33,
        "Emotion value": {
            "angry": 5.611959844827652,
            "disgust": 0.109824538230896,
            "fear": 12.462934851646423,
            "happy": 4.895729199051857,
            "sad": 36.268094182014465,
            "surprise": 0.12208691332489252,
            "neutral": 40.52937030792236
        },
        "location": "neutral",
        "emotion_ratios": {
            "angry": 5,
            "disgust": 0,
            "fear": 12,
            "happy": 4,
            "sad": 36,
            "surprise": 0,
            "neutral": 40
        }
    },
    "frame_0011.jpg": {
        "frame_index": 11,
        "frame_relative_time": 0.363,
        "Emotion value": {
            "angry": 2.83562783151865,
            "disgust": 0.018906664627138525,
            "fear": 3.156435862183571,
            "happy": 2.38308347761631,
            "sad": 54.74501848220825,
            "surprise": 0.02649723319336772,
            "neutral": 36.834439635276794
        },
        "location": "sad",
        "emotion_ratios": {
            "angry": 2,
            "disgust": 0,
            "fear": 3,
            "happy": 2,
            "sad": 54,
            "surprise": 0,
            "neutral": 36
        }
    },
    "frame_0012.jpg": {
        "frame_index": 12,
        "frame_relative_time": 0.396,
        "Emotion value": {
            "angry": 0.8543451825884093,
            "disgust": 0.0018426711183213177,
            "fear": 11.457171974013566,
            "happy": 7.19171507309169,
            "sad": 15.444440570142303,
            "surprise": 0.029161271514670344,
            "neutral": 65.02132207282317
        },
        "location": "neutral",
        "emotion_ratios": {
            "angry": 0,
            "disgust": 0,
            "fear": 11,
            "happy": 7,
            "sad": 15,
            "surprise": 0,
            "neutral": 65
        }
    },