{
    "frame_0055.jpg": {
        "frame_index": 55,
        "frame_relative_time": 1.8150000000000002,
        "Emotion value": {
            "angry": 35.52617132663727,
            "disgust": 1.5139079989623383e-07,
            "fear": 0.01603228593012318,
            "happy": 0.5536669865250587,
            "sad": 4.193364828824997,
            "surprise": 0.00023739437438052846,
            "neutral": 59.71052646636963
        },
        "location": "neutral",
        "emotion_ratios": {
            "angry": 35,
            "disgust": 0,
            "fear": 0,
            "happy": 0,
            "sad": 4,
            "surprise": 0,
            "neutral": 59
        }
    },
    "frame_0057.jpg": {
        "frame_index": 57,
        "frame_relative_time": 1.881,
        "Emotion value": {
            "angry": 35.103556513786316,
            "disgust": 0.00023657810288568726,
            "fear": 0.3982000984251499,
            "happy": 1.2866035103797913,
            "sad": 50.83802938461304,
            "surprise": 0.00045843098632758483,
            "neutral": 12.372918426990509
        },
        "location": "sad",
        "emotion_ratios": {
            "angry": 35,
            "disgust": 0,
            "fear": 0,
            "happy": 1,
            "sad": 50,
            "surprise": 0,
            "neutral": 12
        }
    },
    "frame_0058.jpg": {
        "frame_index": 58,
        "frame_relative_time": 1.9140000000000001,
        "Emotion value": {
            "angry": 59.06925905576456,
            "disgust": 4.024133684152957e-05,
            "fear": 0.11228928516900959,
            "happy": 13.013048531180445,
            "sad": 11.080882529125516,
            "surprise": 0.0007520118275057887,
            "neutral": 16.72372719332304
        },
        "location": "angry",
        "emotion_ratios": {
            "angry": 59,
            "disgust": 0,
            "fear": 0,
            "happy": 13,
            "sad": 11,
            "surprise": 0,
            "neutral": 16
        }
    },
    "frame_0059.jpg": {
        "frame_index": 59,
        "frame_relative_time": 1.947,
        "Emotion value": {
            "angry": 3.5551823675632477,
            "disgust": 2.083783670059347e-05,
            "fear": 0.05294749862514436,
            "happy": 85.68996787071228,
            "sad": 1.6688952222466469,
            "surprise": 0.0027912123186979443,
            "neutral": 9.03019830584526
        },
        "location": "happy",
        "emotion_ratios": {
            "angry": 3,
            "disgust": 0,
            "fear": 0,
            "happy": 85,
            "sad": 1,
            "surprise": 0,
            "neutral": 9
        }
    },
    "frame_0060.jpg": {
        "frame_index": 60,
        "frame_relative_time": 1.98,
        "Emotion value": {
            "angry": 0.4051968231169476,
            "disgust": 4.916637701368717e-06,
            "fear": 0.15465084919487532,
            "happy": 3.43748053535703,
            "sad": 1.8752915039832296,
            "surprise": 0.005952716301287378,
            "neutral": 94.1214200330627
        },
        "location": "neutral",
        "emotion_ratios": {
            "angry": 0,
            "disgust": 0,
            "fear": 0,
            "happy": 3,
            "sad": 1,
            "surprise": 0,
            "neutral": 94
        }
    },
    "frame_0061.jpg": {
        "frame_index": 61,
        "frame_relative_time": 2.013,
        "Emotion value": {
            "angry": 0.07097521870621852,
            "disgust": 2.6280093557875282e-08,
            "fear": 1.7309847388258421,
            "happy": 2.6681873675100425,
            "sad": 2.2223183347176514,
            "surprise": 0.000928995323995548,
            "neutral": 93.306606609023
        },
        "location": "neutral",
        "emotion_ratios": {
            "angry": 0,
            "disgust": 0,
            "fear": 1,
            "happy": 2,
            "sad": 2,
            "surprise": 0,
            "neutral": 93
        }
    },
    "frame_0062.jpg": {
        "frame_index": 62,
        "frame_relative_time": 2.0460000000000003,
        "Emotion value": {
            "angry": 0.02722395583987236,
            "disgust": 1.021405182655144e-07,
            "fear": 0.061526260105893016,
            "happy": 2.3600755259394646,
            "sad": 1.69577244669199,
            "surprise": 0.0003371669208718231,
            "neutral": 95.85506916046143
        },
        "location": "neutral",
        "emotion_ratios": {
            "angry": 0,
            "disgust": 0,
            "fear": 0,
            "happy": 2,
            "sad": 1,
            "surprise": 0,
            "neutral": 95
        }
    },
    "frame_0071.jpg": {
        "frame_index": 71,
        "frame_relative_time": 2.343,
        "Emotion value": {
            "angry": 59.345135649748784,
            "disgust": 4.519117793997706e-06,
            "fear": 10.14088750725314,
            "happy": 0.008077874853726469,
            "sad": 15.030632318892021,
            "surprise": 0.0015297516258704514,
            "neutral": 15.473734764679358
        },
        "location": "angry",
        "emotion_ratios": {
            "angry": 59,
            "disgust": 0,
            "fear": 10,
            "happy": 0,
            "sad": 15,
            "surprise": 0,
            "neutral": 15
        }
    },
    "frame_0857.jpg": {
        "frame_index": 857,
        "frame_relative_time": 28.281000000000002,
        "Emotion value": {
            "angry": 21.59399539232254,
            "disgust": 0.08589440840296447,
            "fear": 11.382829397916794,
            "happy": 23.22889119386673,
            "sad": 40.42811095714569,
            "surprise": 1.0042195208370686,
            "neutral": 2.2760633379220963
        },
        "location": "sad",
        "emotion_ratios": {
            "angry": 21,
            "disgust": 0,
            "fear": 11,
            "happy": 23,
            "sad": 40,
            "surprise": 1,
            "neutral": 2
        }
    },
    "frame_1135.jpg": {
        "frame_index": 1135,
        "frame_relative_time": 37.455,
        "Emotion value": {
            "angry": 0.007026330422377214,
            "disgust": 2.7461877216694575e-08,
            "fear": 19.684213399887085,
            "happy": 53.45824956893921,
            "sad": 2.955113910138607,
            "surprise": 0.0018289432773599401,
            "neutral": 23.89356940984726
        },
        "location": "happy",
        "emotion_ratios": {
            "angry": 0,
            "disgust": 0,
            "fear": 19,
            "happy": 53,
            "sad": 2,
            "surprise": 0,
            "neutral": 23
        }
    },
    "emotion_all_ratios": {
        "angry": 20,
        "disgust": 0,
        "fear": 0,
        "happy": 20,
        "sad": 20,
        "surprise": 0,
        "neutral": 40
    }
}