{
    "frame_0469.jpg": {
        "frame_index": 469,
        "frame_relative_time": 15.477,
        "Emotion value": {
            "angry": 1.7165398225188255,
            "disgust": 0.0015206097486952785,
            "fear": 77.78304815292358,
            "happy": 0.015475334657821804,
            "sad": 18.09355765581131,
            "surprise": 0.9407225996255875,
            "neutral": 1.4491356909275055
        },
        "location": "fear",
        "emotion_ratios": {
            "angry": 1,
            "disgust": 0,
            "fear": 77,
            "happy": 0,
            "sad": 18,
            "surprise": 0,
            "neutral": 1
        }
    },
    "frame_0470.jpg": {
        "frame_index": 470,
        "frame_relative_time": 15.510000000000002,
        "Emotion value": {
            "angry": 1.1213353835046291,
            "disgust": 0.00025092263058468234,
            "fear": 76.5448272228241,
            "happy": 0.0026290110326954164,
            "sad": 20.58091014623642,
            "surprise": 0.09089727536775172,
            "neutral": 1.6591496765613556
        },
        "location": "fear",
        "emotion_ratios": {
            "angry": 1,
            "disgust": 0,
            "fear": 76,
            "happy": 0,
            "sad": 20,
            "surprise": 0,
            "neutral": 1
        }
    },
    "frame_0471.jpg": {
        "frame_index": 471,
        "frame_relative_time": 15.543000000000001,
        "Emotion value": {
            "angry": 1.1909450182881962,
            "disgust": 0.002574659782779148,
            "fear": 86.13760984764158,
            "happy": 0.01843533210210619,
            "sad": 10.346029570462083,
            "surprise": 1.6177454064932708,
            "neutral": 0.6866584941243228
        },
        "location": "fear",
        "emotion_ratios": {
            "angry": 1,
            "disgust": 0,
            "fear": 86,
            "happy": 0,
            "sad": 10,
            "surprise": 1,
            "neutral": 0
        }
    },
    "emotion_all_ratios": {
        "angry": 0,
        "disgust": 0,
        "fear": 100,
        "happy": 0,
        "sad": 0,
        "surprise": 0,
        "neutral": 0
    }
}