{
    "frame_0197.jpg": {
        "frame_index": 197,
        "frame_relative_time": 6.501,
        "Emotion value": {
            "angry": 0.0003728278443304589,
            "disgust": 6.383453742811115e-13,
            "fear": 56.70697093009949,
            "happy": 0.011035693751182407,
            "sad": 12.23379448056221,
            "surprise": 0.0038797046727268025,
            "neutral": 31.043946743011475
        },
        "location": "fear",
        "emotion_ratios": {
            "angry": 0,
            "disgust": 0,
            "fear": 56,
            "happy": 0,
            "sad": 12,
            "surprise": 0,
            "neutral": 31
        }
    },
    "frame_0198.jpg": {
        "frame_index": 198,
        "frame_relative_time": 6.534000000000001,
        "Emotion value": {
            "angry": 0.0003422115696594119,
            "disgust": 3.756685565246441e-13,
            "fear": 43.99819076061249,
            "happy": 0.012278469512239099,
            "sad": 7.797388732433319,
            "surprise": 0.003948114317608997,
            "neutral": 48.187848925590515
        },
        "location": "neutral",
        "emotion_ratios": {
            "angry": 0,
            "disgust": 0,
            "fear": 43,
            "happy": 0,
            "sad": 7,
            "surprise": 0,
            "neutral": 48
        }
    },
    "frame_0199.jpg": {
        "frame_index": 199,
        "frame_relative_time": 6.567,
        "Emotion value": {
            "angry": 0.00024162213776435237,
            "disgust": 7.445386254443002e-14,
            "fear": 23.186984658241272,
            "happy": 0.004973972318111919,
            "sad": 4.716535657644272,
            "surprise": 0.0007360668860201258,
            "neutral": 72.09052443504333
        },
        "location": "neutral",
        "emotion_ratios": {
            "angry": 0,
            "disgust": 0,
            "fear": 23,
            "happy": 0,
            "sad": 4,
            "surprise": 0,
            "neutral": 72
        }
    },
    "frame_0200.jpg": {
        "frame_index": 200,
        "frame_relative_time": 6.6000000000000005,
        "Emotion value": {
            "angry": 0.00014058845181352808,
            "disgust": 2.484723769865003e-14,
            "fear": 13.765308260917664,
            "happy": 0.006178383773658425,
            "sad": 2.6558255776762962,
            "surprise": 0.0010935457794403192,
            "neutral": 83.571457862854
        },
        "location": "neutral",
        "emotion_ratios": {
            "angry": 0,
            "disgust": 0,
            "fear": 13,
            "happy": 0,
            "sad": 2,
            "surprise": 0,
            "neutral": 83
        }
    },
    "frame_0201.jpg": {
        "frame_index": 201,
        "frame_relative_time": 6.633,
        "Emotion value": {
            "angry": 1.698706171282538e-05,
            "disgust": 7.482088522919776e-16,
            "fear": 3.858686611056328,
            "happy": 0.003043125798285473,
            "sad": 0.813311617821455,
            "surprise": 0.00019958094981120666,
            "neutral": 95.32474279403687
        },
        "location": "neutral",
        "emotion_ratios": {
            "angry": 0,
            "disgust": 0,
            "fear": 3,
            "happy": 0,
            "sad": 0,
            "surprise": 0,
            "neutral": 95
        }
    },
    "frame_0202.jpg": {
        "frame_index": 202,
        "frame_relative_time": 6.666,
        "Emotion value": {
            "angry": 8.776287313742401e-05,
            "disgust": 1.5636632802469255e-14,
            "fear": 13.367966614244379,
            "happy": 0.009137452251554415,
            "sad": 2.2821498532384545,
            "surprise": 0.0014642833739010486,
            "neutral": 84.33919455642668
        },
        "location": "neutral",
        "emotion_ratios": {
            "angry": 0,
            "disgust": 0,
            "fear": 13,
            "happy": 0,
            "sad": 2,
            "surprise": 0,
            "neutral": 84
        }
    },
    "frame_0203.jpg": {
        "frame_index": 203,
        "frame_relative_time": 6.699000000000001,
        "Emotion value": {
            "angry": 7.152173111535376e-05,
            "disgust": 1.009070019191803e-14,
            "fear": 8.353937417268753,
            "happy": 0.009497871360508725,
            "sad": 1.2630099430680275,
            "surprise": 0.0013500116438081022,
            "neutral": 90.37213325500488
        },
        "location": "neutral",
        "emotion_ratios": {
            "angry": 0,
            "disgust": 0,
            "fear": 8,
            "happy": 0,
            "sad": 1,
            "surprise": 0,
            "neutral": 90
        }
    },
    "frame_0204.jpg": {
        "frame_index": 204,
        "frame_relative_time": 6.732,
        "Emotion value": {
            "angry": 0.00015916269830995589,
            "disgust": 2.0058143855120758e-14,
            "fear": 19.2875474691391,
            "happy": 0.006683108222205192,
            "sad": 3.024723008275032,
            "surprise": 0.001530224471935071,
            "neutral": 77.67935395240784
        },
        "location": "neutral",
        "emotion_ratios": {
            "angry": 0,
            "disgust": 0,
            "fear": 19,
            "happy": 0,
            "sad": 3,
            "surprise": 0,
            "neutral": 77
        }
    },
    "frame_0205.jpg": {
        "frame_index": 205,
        "frame_relative_time": 6.765000000000001,
        "Emotion value": {
            "angry": 0.0002229724941571476,
            "disgust": 4.007169936650246e-14,
            "fear": 22.088506817817688,
            "happy": 0.005723421054426581,
            "sad": 3.5572558641433716,
            "surprise": 0.001329289807472378,
            "neutral": 74.34696555137634
        },
        "location": "neutral",
        "emotion_ratios": {
            "angry": 0,
            "disgust": 0,
            "fear": 22,
            "happy": 0,
            "sad": 3,
            "surprise": 0,
            "neutral": 74
        }
    },
    "frame_0206.jpg": {
        "frame_index": 206,
        "frame_relative_time": 6.798,
        "Emotion value": {
            "angry": 0.0003981642986164802,
            "disgust": 7.779615225339791e-13,
            "fear": 15.723244292929428,
            "happy": 0.14717764865548305,
            "sad": 1.5078133870848052,
            "surprise": 0.043482772570939215,
            "neutral": 82.57788315879603
        },
        "location": "neutral",
        "emotion_ratios": {
            "angry": 0,
            "disgust": 0,
            "fear": 15,
            "happy": 0,
            "sad": 1,
            "surprise": 0,
            "neutral": 82
        }
    },
    "emotion_all_ratios": {
        "angry": 0,
        "disgust": 0,
        "fear": 10,
        "happy": 0,
        "sad": 0,
        "surprise": 0,
        "neutral": 90
    }
}