{
    "frame_0008.jpg": {
        "frame_index": 8,
        "frame_relative_time": 0.264,
        "Emotion value": {
            "angry": 62.175183036901586,
            "disgust": 0.006323456883521303,
            "fear": 36.06728183421113,
            "happy": 0.35045156734269056,
            "sad": 0.43896003050088517,
            "surprise": 0.019132315985451967,
            "neutral": 0.9426610351906973
        },
        "location": "angry",
        "emotion_ratios": {
            "angry": 62,
            "disgust": 0,
            "fear": 36,
            "happy": 0,
            "sad": 0,
            "surprise": 0,
            "neutral": 0
        }
    },
    "frame_0047.jpg": {
        "frame_index": 47,
        "frame_relative_time": 1.5510000000000002,
        "Emotion value": {
            "angry": 12.183486670255661,
            "disgust": 0.009761680121300742,
            "fear": 3.0187778174877167,
            "happy": 17.43452697992325,
            "sad": 46.79732024669647,
            "surprise": 0.03740150423254818,
            "neutral": 20.518723130226135
        },
        "location": "sad",
        "emotion_ratios": {
            "angry": 12,
            "disgust": 0,
            "fear": 3,
            "happy": 17,
            "sad": 46,
            "surprise": 0,
            "neutral": 20
        }
    },
    "frame_0065.jpg": {
        "frame_index": 65,
        "frame_relative_time": 2.145,
        "Emotion value": {
            "angry": 13.35907131433487,
            "disgust": 11.230210959911346,
            "fear": 51.244956254959106,
            "happy": 0.0033385502320015803,
            "sad": 24.030466377735138,
            "surprise": 0.017448166909161955,
            "neutral": 0.11451384052634239
        },
        "location": "fear",
        "emotion_ratios": {
            "angry": 13,
            "disgust": 11,
            "fear": 51,
            "happy": 0,
            "sad": 24,
            "surprise": 0,
            "neutral": 0
        }
    },
    "frame_0066.jpg": {
        "frame_index": 66,
        "frame_relative_time": 2.178,
        "Emotion value": {
            "angry": 0.6670428439974785,
            "disgust": 2.3021670058369637,
            "fear": 86.9775116443634,
            "happy": 5.795415863394737,
            "sad": 2.900385484099388,
            "surprise": 0.5813888274133205,
            "neutral": 0.7760901004076004
        },
        "location": "fear",
        "emotion_ratios": {
            "angry": 0,
            "disgust": 2,
            "fear": 86,
            "happy": 5,
            "sad": 2,
            "surprise": 0,
            "neutral": 0
        }
    },
    "frame_0071.jpg": {
        "frame_index": 71,
        "frame_relative_time": 2.343,
        "Emotion value": {
            "angry": 0.0161690909041295,
            "disgust": 0.14477542998793305,
            "fear": 6.3527341993292685,
            "happy": 75.584666465799,
            "sad": 0.20929687972646235,
            "surprise": 0.001502531812066013,
            "neutral": 17.690857809237112
        },
        "location": "happy",
        "emotion_ratios": {
            "angry": 0,
            "disgust": 0,
            "fear": 6,
            "happy": 75,
            "sad": 0,
            "surprise": 0,
            "neutral": 17
        }
    },
    "frame_0087.jpg": {
        "frame_index": 87,
        "frame_relative_time": 2.871,
        "Emotion value": {
            "angry": 1.2478074990212917,
            "disgust": 0.7272041402757168,
            "fear": 0.14593643136322498,
            "happy": 0.009154459257842973,
            "sad": 97.56542444229126,
            "surprise": 0.00019957169570261613,
            "neutral": 0.3042761469259858
        },
        "location": "sad",
        "emotion_ratios": {
            "angry": 1,
            "disgust": 0,
            "fear": 0,
            "happy": 0,
            "sad": 97,
            "surprise": 0,
            "neutral": 0
        }
    },
    "frame_0099.jpg": {
        "frame_index": 99,
        "frame_relative_time": 3.2670000000000003,
        "Emotion value": {
            "angry": 9.242527186870575,
            "disgust": 2.8479745228793263e-07,
            "fear": 6.1125848442316055,
            "happy": 45.21797299385071,
            "sad": 3.6219321191310883,
            "surprise": 0.002908084206865169,
            "neutral": 35.802075266838074
        },
        "location": "happy",
        "emotion_ratios": {
            "angry": 9,
            "disgust": 0,
            "fear": 6,
            "happy": 45,
            "sad": 3,
            "surprise": 0,
            "neutral": 35
        }
    },
    "frame_0100.jpg": {
        "frame_index": 100,
        "frame_relative_time": 3.3000000000000003,
        "Emotion value": {
            "angry": 0.288846337689241,
            "disgust": 1.883749518741853e-08,
            "fear": 0.21226575000678002,
            "happy": 9.229594274139062,
            "sad": 0.6342749489411681,
            "surprise": 0.0021822526314427782,
            "neutral": 89.63283834653129
        },
        "location": "neutral",
        "emotion_ratios": {
            "angry": 0,
            "disgust": 0,
            "fear": 0,
            "happy": 9,
            "sad": 0,
            "surprise": 0,
            "neutral": 89
        }
    },
    "frame_0117.jpg": {
        "frame_index": 117,
        "frame_relative_time": 3.861,
        "Emotion value": {
            "angry": 70.64887285232544,
            "disgust": 1.2152298353612423,
            "fear": 9.66416522860527,
            "happy": 0.038631801726296544,
            "sad": 17.832228541374207,
            "surprise": 0.1225566491484642,
            "neutral": 0.47831712290644646
        },
        "location": "angry",
        "emotion_ratios": {
            "angry": 70,
            "disgust": 1,
            "fear": 9,
            "happy": 0,
            "sad": 17,
            "surprise": 0,
            "neutral": 0
        }
    },
    "frame_0120.jpg": {
        "frame_index": 120,
        "frame_relative_time": 3.96,
        "Emotion value": {
            "angry": 0.2897770083935266,
            "disgust": 1.9863709373374202e-05,
            "fear": 20.59828165759335,
            "happy": 0.48051092843776516,
            "sad": 78.6105441218939,
            "surprise": 0.0006090930036566707,
            "neutral": 0.020258336487723082
        },
        "location": "sad",
        "emotion_ratios": {
            "angry": 0,
            "disgust": 0,
            "fear": 20,
            "happy": 0,
            "sad": 78,
            "surprise": 0,
            "neutral": 0
        }
    },
    "frame_0178.jpg": {
        "frame_index": 178,
        "frame_relative_time": 5.8740000000000006,
        "Emotion value": {
            "angry": 0.009862674778560176,
            "disgust": 4.9835904292194755e-05,
            "fear": 81.49976134300232,
            "happy": 0.006139411561889574,
            "sad": 18.44742000102997,
            "surprise": 5.446148065857415e-06,
            "neutral": 0.03676323976833373
        },
        "location": "fear",
        "emotion_ratios": {
            "angry": 0,
            "disgust": 0,
            "fear": 81,
            "happy": 0,
            "sad": 18,
            "surprise": 0,
            "neutral": 0
        }
    },
    "frame_0266.jpg": {
        "frame_index": 266,
        "frame_relative_time": 8.778,
        "Emotion value": {
            "angry": 0.04239138797856867,
            "disgust": 1.1085313439754274e-10,
            "fear": 88.03260922431946,
            "happy": 3.015594718380754e-10,
            "sad": 11.409738659858704,
            "surprise": 0.001957058884727303,
            "neutral": 0.5133091937750578
        },
        "location": "fear",
        "emotion_ratios": {
            "angry": 0,
            "disgust": 0,
            "fear": 88,
            "happy": 0,
            "sad": 11,