{
    "frame_0040.jpg": {
        "frame_index": 40,
        "frame_relative_time": 1.32,
        "Emotion value": {
            "angry": 0.023011883520763877,
            "disgust": 7.650300391640608e-12,
            "fear": 0.7105759768531309,
            "happy": 0.0002835126620814534,
            "sad": 1.0812347467979637,
            "surprise": 1.8648219369997338e-05,
            "neutral": 98.18487752585874
        },
        "location": "neutral",
        "emotion_ratios": {
            "angry": 0,
            "disgust": 0,
            "fear": 0,
            "happy": 0,
            "sad": 1,
            "surprise": 0,
            "neutral": 98
        }
    },
    "frame_0045.jpg": {
        "frame_index": 45,
        "frame_relative_time": 1.485,
        "Emotion value": {
            "angry": 0.05008768639527261,
            "disgust": 7.187921048298906e-11,
            "fear": 0.39907856844365597,
            "happy": 7.362892802120768e-05,
            "sad": 1.185564137995243,
            "surprise": 0.00016879405393410707,
            "neutral": 98.3650267124176
        },
        "location": "neutral",
        "emotion_ratios": {
            "angry": 0,
            "disgust": 0,
            "fear": 0,
            "happy": 0,
            "sad": 1,
            "surprise": 0,
            "neutral": 98
        }
    },
    "frame_0047.jpg": {
        "frame_index": 47,
        "frame_relative_time": 1.5510000000000002,
        "Emotion value": {
            "angry": 0.222881756969199,
            "disgust": 4.1742700674967306e-06,
            "fear": 11.086262678281228,
            "happy": 0.08986670826698591,
            "sad": 7.103549367400966,
            "surprise": 0.006746691035142379,
            "neutral": 81.49068841282656
        },
        "location": "neutral",
        "emotion_ratios": {
            "angry": 0,
            "disgust": 0,
            "fear": 11,
            "happy": 0,
            "sad": 7,
            "surprise": 0,
            "neutral": 81
        }
    },
    "frame_0048.jpg": {
        "frame_index": 48,
        "frame_relative_time": 1.584,
        "Emotion value": {
            "angry": 0.05878459778614342,
            "disgust": 7.266833662589178e-09,
            "fear": 7.895473390817642,
            "happy": 0.06187542458064854,
            "sad": 2.310684695839882,
            "surprise": 0.0015888574125710875,
            "neutral": 89.67159390449524
        },
        "location": "neutral",
        "emotion_ratios": {
            "angry": 0,
            "disgust": 0,
            "fear": 7,
            "happy": 0,
            "sad": 2,
            "surprise": 0,
            "neutral": 89
        }
    },
    "frame_0051.jpg": {
        "frame_index": 51,
        "frame_relative_time": 1.683,
        "Emotion value": {
            "angry": 0.31122297514230013,
            "disgust": 2.0619445706415718e-06,
            "fear": 0.587355624884367,
            "happy": 0.00918243094929494,
            "sad": 0.77092912979424,
            "surprise": 0.012046950723743066,
            "neutral": 98.30926656723022
        },
        "location": "neutral",
        "emotion_ratios": {
            "angry": 0,
            "disgust": 0,
            "fear": 0,
            "happy": 0,
            "sad": 0,
            "surprise": 0,
            "neutral": 98
        }
    },
    "frame_0052.jpg": {
        "frame_index": 52,
        "frame_relative_time": 1.7160000000000002,
        "Emotion value": {
            "angry": 3.230205923318863,
            "disgust": 0.002872402546927333,
            "fear": 44.21420395374298,
            "happy": 0.02208396326750517,
            "sad": 7.429951429367065,
            "surprise": 0.08401129744015634,
            "neutral": 45.01667022705078
        },
        "location": "neutral",
        "emotion_ratios": {
            "angry": 3,
            "disgust": 0,
            "fear": 44,
            "happy": 0,
            "sad": 7,
            "surprise": 0,
            "neutral": 45
        }
    },
    "frame_0110.jpg": {
        "frame_index": 110,
        "frame_relative_time": 3.6300000000000003,
        "Emotion value": {
            "angry": 2.8216281724946604,
            "disgust": 3.988595789357181e-05,
            "fear": 6.782289253609732,
            "happy": 0.039243386137836345,
            "sad": 4.383151866981499,
            "surprise": 0.17449598402506017,
            "neutral": 85.79915081257526
        },
        "location": "neutral",
        "emotion_ratios": {
            "angry": 2,
            "disgust": 0,
            "fear": 6,
            "happy": 0,
            "sad": 4,
            "surprise": 0,
            "neutral": 85
        }
    },
    "frame_0630.jpg": {
        "frame_index": 630,
        "frame_relative_time": 20.790000000000003,
        "Emotion value": {
            "angry": 0.06926082836714854,
            "disgust": 0.0007189387334768698,
            "fear": 0.006605300980377256,
            "happy": 84.64470414189721,
            "sad": 0.94894390621447,
            "surprise": 0.0749303130857088,
            "neutral": 14.254839077880328
        },
        "location": "happy",
        "emotion_ratios": {
            "angry": 0,
            "disgust": 0,
            "fear": 0,
            "happy": 84,
            "sad": 0,
            "surprise": 0,
            "neutral": 14
        }
    },
    "frame_0631.jpg": {
        "frame_index": 631,
        "frame_relative_time": 20.823,
        "Emotion value": {
            "angry": 1.449595591474105,
            "disgust": 2.4028824419014133e-05,
            "fear": 10.91034729357394,
            "happy": 0.010101908515864714,
            "sad": 29.02515482602658,
            "surprise": 53.93987847091216,
            "neutral": 4.6648962450151155
        },
        "location": "surprise",
        "emotion_ratios": {
            "angry": 1,
            "disgust": 0,
            "fear": 10,
            "happy": 0,
            "sad": 29,
            "surprise": 53,
            "neutral": 4
        }
    },
    "frame_0632.jpg": {
        "frame_index": 632,
        "frame_relative_time": 20.856,
        "Emotion value": {
            "angry": 0.0008321729183080606,
            "disgust": 4.593158165626795e-17,
            "fear": 0.021483177260961384,
            "happy": 1.5267075381686368e-07,
            "sad": 0.8198786526918411,
            "surprise": 5.4646630331944834e-06,
            "neutral": 99.15779829025269
        },
        "location": "neutral",
        "emotion_ratios": {
            "angry": 0,
            "disgust": 0,
            "fear": 0,
            "happy": 0,
            "sad": 0,
            "surprise": 0,
            "neutral": 99
        }
    },
    "emotion_all_ratios": {
        "angry": 0,
        "disgust": 0,
        "fear": 0,
        "happy": 10,
        "sad": 0,
        "surprise": 10,
        "neutral": 80
    }
}