{
    "frame_0008.jpg": {
        "frame_index": 8,
        "frame_relative_time": 0.264,
        "Emotion value": {
            "angry": 0.031275257469729034,
            "disgust": 1.3025950019257955e-09,
            "fear": 99.48840138247022,
            "happy": 0.00038691857785770107,
            "sad": 0.4447839022298993,
            "surprise": 3.258690223161941e-06,
            "neutral": 0.035146166104222304
        },
        "location": "fear",
        "emotion_ratios": {
            "angry": 0,
            "disgust": 0,
            "fear": 99,
            "happy": 0,
            "sad": 0,
            "surprise": 0,
            "neutral": 0
        }
    },
    "frame_0034.jpg": {
        "frame_index": 34,
        "frame_relative_time": 1.122,
        "Emotion value": {
            "angry": 0.007923499434992739,
            "disgust": 5.567239147849233e-10,
            "fear": 98.00615930483826,
            "happy": 0.007234353553739139,
            "sad": 1.964054022544143,
            "surprise": 0.000342899425100301,
            "neutral": 0.01427649233733209
        },
        "location": "fear",
        "emotion_ratios": {
            "angry": 0,
            "disgust": 0,
            "fear": 98,
            "happy": 0,
            "sad": 1,
            "surprise": 0,
            "neutral": 0
        }
    },
    "frame_0042.jpg": {
        "frame_index": 42,
        "frame_relative_time": 1.3860000000000001,
        "Emotion value": {
            "angry": 16.540342569351196,
            "disgust": 1.1998088211839786e-05,
            "fear": 36.09417974948883,
            "happy": 0.00040424383769277483,
            "sad": 46.940115094184875,
            "surprise": 0.004945377804688178,
            "neutral": 0.42000068351626396
        },
        "location": "sad",
        "emotion_ratios": {
            "angry": 16,
            "disgust": 0,
            "fear": 36,
            "happy": 0,
            "sad": 46,
            "surprise": 0,
            "neutral": 0
        }
    },
    "frame_0300.jpg": {
        "frame_index": 300,
        "frame_relative_time": 9.9,
        "Emotion value": {
            "angry": 95.41790540004904,
            "disgust": 7.128734441150773e-06,
            "fear": 0.035185671175116756,
            "happy": 0.03058295041358317,
            "sad": 0.0035903055772100448,
            "surprise": 4.493978083851566,
            "neutral": 0.01874834774081734
        },
        "location": "angry",
        "emotion_ratios": {
            "angry": 95,
            "disgust": 0,
            "fear": 0,
            "happy": 0,
            "sad": 0,
            "surprise": 4,
            "neutral": 0
        }
    },
    "frame_0301.jpg": {
        "frame_index": 301,
        "frame_relative_time": 9.933,
        "Emotion value": {
            "angry": 89.15453553199768,
            "disgust": 1.8223694775443278e-07,
            "fear": 0.21197109017521143,
            "happy": 0.18052965169772506,
            "sad": 0.05257932934910059,
            "surprise": 9.848608076572418,
            "neutral": 0.5517802201211452
        },
        "location": "angry",
        "emotion_ratios": {
            "angry": 89,
            "disgust": 0,
            "fear": 0,
            "happy": 0,
            "sad": 0,
            "surprise": 9,
            "neutral": 0
        }
    },
    "frame_0365.jpg": {
        "frame_index": 365,
        "frame_relative_time": 12.045,
        "Emotion value": {
            "angry": 2.153097780233489,
            "disgust": 1.6590937613435642e-06,
            "fear": 3.8021544398161433,
            "happy": 0.33423814120818024,
            "sad": 28.849064043108466,
            "surprise": 8.466141075438846e-05,
            "neutral": 64.86136107810503
        },
        "location": "neutral",
        "emotion_ratios": {
            "angry": 2,
            "disgust": 0,
            "fear": 3,
            "happy": 0,
            "sad": 28,
            "surprise": 0,
            "neutral": 64
        }
    },
    "frame_0366.jpg": {
        "frame_index": 366,
        "frame_relative_time": 12.078000000000001,
        "Emotion value": {
            "angry": 0.4561170741836473,
            "disgust": 1.9154218064089612e-12,
            "fear": 0.0005654243405439498,
            "happy": 0.017332528237515882,
            "sad": 0.03843273963750837,
            "surprise": 8.171154240660953e-08,
            "neutral": 99.48755499646396
        },
        "location": "neutral",
        "emotion_ratios": {
            "angry": 0,
            "disgust": 0,
            "fear": 0,
            "happy": 0,
            "sad": 0,
            "surprise": 0,
            "neutral": 99
        }
    },
    "frame_0367.jpg": {
        "frame_index": 367,
        "frame_relative_time": 12.111,
        "Emotion value": {
            "angry": 0.053731000226721184,
            "disgust": 1.4208843282882928e-10,
            "fear": 0.0006828348839465133,
            "happy": 0.0047784785357747476,
            "sad": 0.19458602178236972,
            "surprise": 9.463466130805696e-08,
            "neutral": 99.74622128881343
        },
        "location": "neutral",
        "emotion_ratios": {
            "angry": 0,
            "disgust": 0,
            "fear": 0,
            "happy": 0,
            "sad": 0,
            "surprise": 0,
            "neutral": 99
        }
    },
    "frame_0368.jpg": {
        "frame_index": 368,
        "frame_relative_time": 12.144,
        "Emotion value": {
            "angry": 0.05746947032763418,
            "disgust": 1.7457014306962295e-08,
            "fear": 0.005250517744392835,
            "happy": 24.157682161607486,
            "sad": 72.45390147520285,
            "surprise": 0.01922681611167969,
            "neutral": 3.3064607314514243
        },
        "location": "sad",
        "emotion_ratios": {
            "angry": 0,
            "disgust": 0,
            "fear": 0,
            "happy": 24,
            "sad": 72,
            "surprise": 0,
            "neutral": 3
        }
    },
    "frame_0531.jpg": {
        "frame_index": 531,
        "frame_relative_time": 17.523,
        "Emotion value": {
            "angry": 0.0008885504939826205,
            "disgust": 1.0188741126834766e-10,
            "fear": 95.80243825912476,
            "happy": 9.370810403197538e-05,
            "sad": 4.190355539321899,
            "surprise": 0.002495002445357386,
            "neutral": 0.0037305235309759155
        },
        "location": "fear",
        "emotion_ratios": {
            "angry": 0,
            "disgust": 0,
            "fear": 95,
            "happy": 0,
            "sad": 4,
            "surprise": 0,
            "neutral": 0
        }
    },
    "frame_0533.jpg": {
        "frame_index": 533,
        "frame_relative_time": 17.589000000000002,
        "Emotion value": {
            "angry": 0.0024830711481627077,
            "disgust": 8.766576006791205e-10,
            "fear": 93.40659379959106,
            "happy": 8.774710522629903e-05,
            "sad": 6.583870947360992,
            "surprise": 0.0030192657504812814,
            "neutral": 0.003945063144783489
        },
        "location": "fear",
        "emotion_ratios": {
            "angry": 0,
            "disgust": 0,
            "fear": 93,
            "happy": 0,
            "sad": 6,
            "surprise": 0,
            "neutral": 0
        }
    },
    "frame_0542.jpg": {
        "frame_index": 542,
        "frame_relative_time": 17.886,
        "Emotion value": {
            "angry": 0.0031521129130851477,
            "disgust": 1.8978403917846443e-10,
            "fear": 81.29139542579651,
            "happy": 0.000400741237172042,
            "sad": 18.652339279651642,
            "surprise": 0.01526217965874821,
            "neutral": 0.037452427204698324
        },
        "location": "fear",
        "emotion_ratios": {
            "angry": 0,
            "disgust": 0,