{
    "frame_0110.jpg": {
        "frame_index": 110,
        "frame_relative_time": 3.6300000000000003,
        "Emotion value": {
            "angry": 40.91846942901611,
            "disgust": 0.01877408940345049,
            "fear": 25.718140602111816,
            "happy": 1.3247217051684856,
            "sad": 20.967085659503937,
            "surprise": 7.6612770557403564,
            "neutral": 3.3915340900421143
        },
        "location": "angry",
        "emotion_ratios": {
            "angry": 40,
            "disgust": 0,
            "fear": 25,
            "happy": 1,
            "sad": 20,
            "surprise": 7,
            "neutral": 3
        }
    },
    "frame_0112.jpg": {
        "frame_index": 112,
        "frame_relative_time": 3.696,
        "Emotion value": {
            "angry": 99.66623185075711,
            "disgust": 6.129986128812353e-06,
            "fear": 0.2146679803158629,
            "happy": 0.0014261959163078932,
            "sad": 0.09740389067106787,
            "surprise": 0.005935686193880547,
            "neutral": 0.014331364344998558
        },
        "location": "angry",
        "emotion_ratios": {
            "angry": 99,
            "disgust": 0,
            "fear": 0,
            "happy": 0,
            "sad": 0,
            "surprise": 0,
            "neutral": 0
        }
    },
    "frame_0113.jpg": {
        "frame_index": 113,
        "frame_relative_time": 3.729,
        "Emotion value": {
            "angry": 99.95719790458679,
            "disgust": 2.6357316329495006e-06,
            "fear": 0.016085838433355093,
            "happy": 0.0008804830940789543,
            "sad": 0.008157551928889006,
            "surprise": 0.016749803035054356,
            "neutral": 0.0009240504368790425
        },
        "location": "angry",
        "emotion_ratios": {
            "angry": 99,
            "disgust": 0,
            "fear": 0,
            "happy": 0,
            "sad": 0,
            "surprise": 0,
            "neutral": 0
        }
    },
    "frame_0165.jpg": {
        "frame_index": 165,
        "frame_relative_time": 5.445,
        "Emotion value": {
            "angry": 17.058414220809937,
            "disgust": 0.0006136768206488341,
            "fear": 3.5980042070150375,
            "happy": 12.133298814296722,
            "sad": 7.554996013641357,
            "surprise": 9.26254615187645,
            "neutral": 50.39212107658386
        },
        "location": "neutral",
        "emotion_ratios": {
            "angry": 17,
            "disgust": 0,
            "fear": 3,
            "happy": 12,
            "sad": 7,
            "surprise": 9,
            "neutral": 50
        }
    },
    "frame_0169.jpg": {
        "frame_index": 169,
        "frame_relative_time": 5.577,
        "Emotion value": {
            "angry": 3.3586468547582626,
            "disgust": 0.0009106712241191417,
            "fear": 6.9653816521167755,
            "happy": 3.1564537435770035,
            "sad": 23.379836976528168,
            "surprise": 1.4012878760695457,
            "neutral": 61.737483739852905
        },
        "location": "neutral",
        "emotion_ratios": {
            "angry": 3,
            "disgust": 0,
            "fear": 6,
            "happy": 3,
            "sad": 23,
            "surprise": 1,
            "neutral": 61
        }
    },
    "frame_0177.jpg": {
        "frame_index": 177,
        "frame_relative_time": 5.841,
        "Emotion value": {
            "angry": 98.26941479858249,
            "disgust": 0.0015503671435043189,
            "fear": 0.2861035925435181,
            "happy": 0.025283791234868243,
            "sad": 0.6812144476899176,
            "surprise": 0.03992078947362539,
            "neutral": 0.6965098852074078
        },
        "location": "angry",
        "emotion_ratios": {
            "angry": 98,
            "disgust": 0,
            "fear": 0,
            "happy": 0,
            "sad": 0,
            "surprise": 0,
            "neutral": 0
        }
    },
    "frame_0187.jpg": {
        "frame_index": 187,
        "frame_relative_time": 6.171,
        "Emotion value": {
            "angry": 35.07546782493591,
            "disgust": 2.1923470683304913e-05,
            "fear": 0.12222614604979753,
            "happy": 2.1311080083251,
            "sad": 27.937519550323486,
            "surprise": 1.946529932320118,
            "neutral": 32.787126302719116
        },
        "location": "angry",
        "emotion_ratios": {
            "angry": 35,
            "disgust": 0,
            "fear": 0,
            "happy": 2,
            "sad": 27,
            "surprise": 1,
            "neutral": 32
        }
    },
    "frame_0193.jpg": {
        "frame_index": 193,
        "frame_relative_time": 6.369000000000001,
        "Emotion value": {
            "angry": 76.83219175530623,
            "disgust": 0.0021510185806338576,
            "fear": 1.5425653184989285,
            "happy": 0.21244952324476976,
            "sad": 11.36737831636538,
            "surprise": 2.079497215419842,
            "neutral": 7.963771102653212
        },
        "location": "angry",
        "emotion_ratios": {
            "angry": 76,
            "disgust": 0,
            "fear": 1,
            "happy": 0,
            "sad": 11,
            "surprise": 2,
            "neutral": 7
        }
    },
    "frame_0194.jpg": {
        "frame_index": 194,
        "frame_relative_time": 6.402,
        "Emotion value": {
            "angry": 74.40599203109741,
            "disgust": 0.0022086263925302774,
            "fear": 1.278761588037014,
            "happy": 0.20593299996107817,
            "sad": 12.800398468971252,
            "surprise": 4.11476343870163,
            "neutral": 7.191943377256393
        },
        "location": "angry",
        "emotion_ratios": {
            "angry": 74,
            "disgust": 0,
            "fear": 1,
            "happy": 0,
            "sad": 12,
            "surprise": 4,
            "neutral": 7
        }
    },
    "frame_0195.jpg": {
        "frame_index": 195,
        "frame_relative_time": 6.4350000000000005,
        "Emotion value": {
            "angry": 53.21466288391794,
            "disgust": 0.0024935334960606067,
            "fear": 4.926923820147059,
            "happy": 0.4704539568926147,
            "sad": 15.155766587762047,
            "surprise": 16.280129101261007,
            "neutral": 9.949565237812372
        },
        "location": "angry",
        "emotion_ratios": {
            "angry": 53,
            "disgust": 0,
            "fear": 4,
            "happy": 0,
            "sad": 15,
            "surprise": 16,
            "neutral": 9
        }
    },
    "frame_0196.jpg": {
        "frame_index": 196,
        "frame_relative_time": 6.468,
        "Emotion value": {
            "angry": 8.970115333795547,
            "disgust": 0.0010298922461515758,
            "fear": 3.815096616744995,
            "happy": 0.32314383424818516,
            "sad": 68.22247505187988,
            "surprise": 2.0929789170622826,
            "neutral": 16.57516062259674
        },
        "location": "sad",
        "emotion_ratios": {
            "angry": 8,
            "disgust": 0,
            "fear": 3,
            "happy": 0,
            "sad": 68,
            "surprise": 2,
            "neutral": 16
        }
    },
    "frame_0200.jpg": {
        "frame_index": 200,
        "frame_relative_time": 6.6000000000000005,
        "Emotion value": {
            "angry": 1.1406585574150085,
            "disgust": 3.225703437692573e-06,
            "fear": 0.033618282759562135,
            "happy": 0.10570344747975469,
            "sad": 43.70233714580536,
            "surprise": 0.0006404716714314418,
            "neutral": 55.0170361995697
        },
        "location": "neutral",
        "emotion_ratios": {
            "angry": 1,
            "disgust": 0,
            "fear": 0,
            "happy": 0,