{
    "frame_0054.jpg": {
        "frame_index": 54,
        "frame_relative_time": 1.782,
        "Emotion value": {
            "angry": 38.10053765773773,
            "disgust": 0.002972719448735006,
            "fear": 13.22612315416336,
            "happy": 48.215022683143616,
            "sad": 0.05330575513653457,
            "surprise": 0.20708800293505192,
            "neutral": 0.19494715379551053
        },
        "location": "happy",
        "emotion_ratios": {
            "angry": 38,
            "disgust": 0,
            "fear": 13,
            "happy": 48,
            "sad": 0,
            "surprise": 0,
            "neutral": 0
        }
    },
    "frame_0125.jpg": {
        "frame_index": 125,
        "frame_relative_time": 4.125,
        "Emotion value": {
            "angry": 10.044305625218488,
            "disgust": 0.020158091248122827,
            "fear": 0.1346573313866455,
            "happy": 69.00507026941003,
            "sad": 7.288672464410809,
            "surprise": 0.013811828926165635,
            "neutral": 13.493322640259423
        },
        "location": "happy",
        "emotion_ratios": {
            "angry": 10,
            "disgust": 0,
            "fear": 0,
            "happy": 69,
            "sad": 7,
            "surprise": 0,
            "neutral": 13
        }
    },
    "frame_0126.jpg": {
        "frame_index": 126,
        "frame_relative_time": 4.158,
        "Emotion value": {
            "angry": 9.20189634595448,
            "disgust": 0.05143949866889393,
            "fear": 0.4497786856792007,
            "happy": 87.98079871788002,
            "sad": 0.7984847326847433,
            "surprise": 0.05301125713452824,
            "neutral": 1.4645953487626342
        },
        "location": "happy",
        "emotion_ratios": {
            "angry": 9,
            "disgust": 0,
            "fear": 0,
            "happy": 87,
            "sad": 0,
            "surprise": 0,
            "neutral": 1
        }
    },
    "frame_0216.jpg": {
        "frame_index": 216,
        "frame_relative_time": 7.128,
        "Emotion value": {
            "angry": 0.00017875632920549833,
            "disgust": 4.885489929273845e-09,
            "fear": 0.40956693701446056,
            "happy": 45.54421603679657,
            "sad": 53.24704051017761,
            "surprise": 1.8057939865645523e-08,
            "neutral": 0.7989981211721897
        },
        "location": "sad",
        "emotion_ratios": {
            "angry": 0,
            "disgust": 0,
            "fear": 0,
            "happy": 45,
            "sad": 53,
            "surprise": 0,
            "neutral": 0
        }
    },
    "frame_0276.jpg": {
        "frame_index": 276,
        "frame_relative_time": 9.108,
        "Emotion value": {
            "angry": 32.921600341796875,
            "disgust": 0.01492104638600722,
            "fear": 9.674730896949768,
            "happy": 1.0887568816542625,
            "sad": 8.233097940683365,
            "surprise": 1.2052853591740131,
            "neutral": 46.86160683631897
        },
        "location": "neutral",
        "emotion_ratios": {
            "angry": 32,
            "disgust": 0,
            "fear": 9,
            "happy": 1,
            "sad": 8,
            "surprise": 1,
            "neutral": 46
        }
    },
    "frame_0279.jpg": {
        "frame_index": 279,
        "frame_relative_time": 9.207,
        "Emotion value": {
            "angry": 0.015212998550850898,
            "disgust": 7.0308647413201e-13,
            "fear": 0.5358357448130846,
            "happy": 0.0030176181098795496,
            "sad": 1.693052425980568,
            "surprise": 0.010106997797265649,
            "neutral": 97.74277210235596
        },
        "location": "neutral",
        "emotion_ratios": {
            "angry": 0,
            "disgust": 0,
            "fear": 0,
            "happy": 0,
            "sad": 1,
            "surprise": 0,
            "neutral": 97
        }
    },
    "frame_0327.jpg": {
        "frame_index": 327,
        "frame_relative_time": 10.791,
        "Emotion value": {
            "angry": 4.81442210859169e-12,
            "disgust": 5.344683009482413e-24,
            "fear": 2.9216616647710636e-11,
            "happy": 99.99984502792358,
            "sad": 2.5086863467659037e-11,
            "surprise": 9.570840120431967e-05,
            "neutral": 6.366440743477142e-05
        },
        "location": "happy",
        "emotion_ratios": {
            "angry": 0,
            "disgust": 0,
            "fear": 0,
            "happy": 99,
            "sad": 0,
            "surprise": 0,
            "neutral": 0
        }
    },
    "emotion_all_ratios": {
        "angry": 0,
        "disgust": 0,
        "fear": 0,
        "happy": 57,
        "sad": 14,
        "surprise": 0,
        "neutral": 28
    }
}