{
    "frame_0016.jpg": {
        "frame_index": 16,
        "frame_relative_time": 0.528,
        "Emotion value": {
            "angry": 0.0051512866775738075,
            "disgust": 5.3271492772566376e-08,
            "fear": 0.10634722420945764,
            "happy": 1.8547754734754562,
            "sad": 1.900595799088478,
            "surprise": 0.002015726568060927,
            "neutral": 96.13111615180969
        },
        "location": "neutral",
        "emotion_ratios": {
            "angry": 0,
            "disgust": 0,
            "fear": 0,
            "happy": 1,
            "sad": 1,
            "surprise": 0,
            "neutral": 96
        }
    },
    "frame_0090.jpg": {
        "frame_index": 90,
        "frame_relative_time": 2.97,
        "Emotion value": {
            "angry": 0.003787240573911366,
            "disgust": 3.821451626235666e-13,
            "fear": 1.9734117739331067e-07,
            "happy": 99.86094831591537,
            "sad": 8.437304975766182e-05,
            "surprise": 1.7156468241720096e-09,
            "neutral": 0.13518408746624513
        },
        "location": "happy",
        "emotion_ratios": {
            "angry": 0,
            "disgust": 0,
            "fear": 0,
            "happy": 99,
            "sad": 0,
            "surprise": 0,
            "neutral": 0
        }
    },
    "frame_0091.jpg": {
        "frame_index": 91,
        "frame_relative_time": 3.003,
        "Emotion value": {
            "angry": 0.034890006645582616,
            "disgust": 6.323998128551084e-12,
            "fear": 5.993412344196258e-06,
            "happy": 99.35135841369629,
            "sad": 0.00046352697609108873,
            "surprise": 5.5754090233506304e-08,
            "neutral": 0.6132802460342646
        },
        "location": "happy",
        "emotion_ratios": {
            "angry": 0,
            "disgust": 0,
            "fear": 0,
            "happy": 99,
            "sad": 0,
            "surprise": 0,
            "neutral": 0
        }
    },
    "frame_0092.jpg": {
        "frame_index": 92,
        "frame_relative_time": 3.036,
        "Emotion value": {
            "angry": 0.03991428185674738,
            "disgust": 3.3011165028658803e-13,
            "fear": 1.462493946521366e-06,
            "happy": 97.03626615025199,
            "sad": 6.226194757837128e-05,
            "surprise": 2.0324146356048067e-08,
            "neutral": 2.9237583159660288
        },
        "location": "happy",
        "emotion_ratios": {
            "angry": 0,
            "disgust": 0,
            "fear": 0,
            "happy": 97,
            "sad": 0,
            "surprise": 0,
            "neutral": 2
        }
    },
    "frame_0093.jpg": {
        "frame_index": 93,
        "frame_relative_time": 3.069,
        "Emotion value": {
            "angry": 0.6472923247392371,
            "disgust": 9.92090515686048e-12,
            "fear": 0.00017595092370458563,
            "happy": 0.26276725513590904,
            "sad": 0.011668485207979617,
            "surprise": 6.017184887069542e-08,
            "neutral": 99.07809490430921
        },
        "location": "neutral",
        "emotion_ratios": {
            "angry": 0,
            "disgust": 0,
            "fear": 0,
            "happy": 0,
            "sad": 0,
            "surprise": 0,
            "neutral": 99
        }
    },
    "frame_0094.jpg": {
        "frame_index": 94,
        "frame_relative_time": 3.1020000000000003,
        "Emotion value": {
            "angry": 0.5741298198699951,
            "disgust": 3.815493114598528e-11,
            "fear": 0.0002653172032296425,
            "happy": 0.011457791697466746,
            "sad": 0.01852098066592589,
            "surprise": 8.141383678328395e-08,
            "neutral": 99.39562678337097
        },
        "location": "neutral",
        "emotion_ratios": {
            "angry": 0,
            "disgust": 0,
            "fear": 0,
            "happy": 0,
            "sad": 0,
            "surprise": 0,
            "neutral": 99
        }
    },
    "frame_0095.jpg": {
        "frame_index": 95,
        "frame_relative_time": 3.1350000000000002,
        "Emotion value": {
            "angry": 0.0017095989387965129,
            "disgust": 2.7579545366930815e-16,
            "fear": 2.1531522293965822e-08,
            "happy": 99.93086456840423,
            "sad": 1.7859915500791815e-06,
            "surprise": 5.040762487451695e-11,
            "neutral": 0.06742219958921966
        },
        "location": "happy",
        "emotion_ratios": {
            "angry": 0,
            "disgust": 0,
            "fear": 0,
            "happy": 99,
            "sad": 0,
            "surprise": 0,
            "neutral": 0
        }
    },
    "frame_0096.jpg": {
        "frame_index": 96,
        "frame_relative_time": 3.168,
        "Emotion value": {
            "angry": 0.00044462830530544924,
            "disgust": 2.4411571333077586e-12,
            "fear": 6.172666530374047e-07,
            "happy": 99.99450445240683,
            "sad": 0.00010706736335711552,
            "surprise": 2.3616647269874345e-11,
            "neutral": 0.004938906343020488
        },
        "location": "happy",
        "emotion_ratios": {
            "angry": 0,
            "disgust": 0,
            "fear": 0,
            "happy": 99,
            "sad": 0,
            "surprise": 0,
            "neutral": 0
        }
    },
    "frame_0120.jpg": {
        "frame_index": 120,
        "frame_relative_time": 3.96,
        "Emotion value": {
            "angry": 0.06609675286355632,
            "disgust": 2.6592697274990323e-05,
            "fear": 5.413020352305195,
            "happy": 0.022013715208859905,
            "sad": 86.00494778185772,
            "surprise": 0.00145185658325215,
            "neutral": 8.492440491464167
        },
        "location": "sad",
        "emotion_ratios": {
            "angry": 0,
            "disgust": 0,
            "fear": 5,
            "happy": 0,
            "sad": 86,
            "surprise": 0,
            "neutral": 8
        }
    },
    "frame_0221.jpg": {
        "frame_index": 221,
        "frame_relative_time": 7.293,
        "Emotion value": {
            "angry": 0.3571238834410906,
            "disgust": 1.7427156384641762e-07,
            "fear": 1.288591418415308,
            "happy": 0.00015069950904944562,
            "sad": 4.09778468310833,
            "surprise": 4.799866726301616e-07,
            "neutral": 94.2563533782959
        },
        "location": "neutral",
        "emotion_ratios": {
            "angry": 0,
            "disgust": 0,
            "fear": 1,
            "happy": 0,
            "sad": 4,
            "surprise": 0,
            "neutral": 94
        }
    },
    "frame_0295.jpg": {
        "frame_index": 295,
        "frame_relative_time": 9.735000000000001,
        "Emotion value": {
            "angry": 0.16756940002035497,
            "disgust": 3.0979469726408323e-06,
            "fear": 70.7685274343805,
            "happy": 0.10310437679167847,
            "sad": 22.503608316398164,
            "surprise": 0.26464573288087445,
            "neutral": 6.192540373953603
        },
        "location": "fear",
        "emotion_ratios": {
            "angry": 0,
            "disgust": 0,
            "fear": 70,
            "happy": 0,
            "sad": 22,
            "surprise": 0,
            "neutral": 6
        }
    },
    "frame_0296.jpg": {
        "frame_index": 296,
        "frame_relative_time": 9.768,
        "Emotion value": {
            "angry": 55.78686331432243,
            "disgust": 0.021016126063216543,
            "fear": 17.721810503113897,
            "happy": 0.0029757018592277717,
            "sad": 25.994505047470632,
            "surprise": 0.05226919040570798,
            "neutral": 0.42056592825448086
        },
        "location": "angry",
        "emotion_ratios": {
            "angry": 55,
            "disgust": 0,