{
    "frame_0069.jpg": {
        "frame_index": 69,
        "frame_relative_time": 2.277,
        "Emotion value": {
            "angry": 49.98137355072814,
            "disgust": 1.4550954261064656e-07,
            "fear": 39.31346067029707,
            "happy": 0.0004755600345264567,
            "sad": 10.70463902298939,
            "surprise": 2.708665892869016e-05,
            "neutral": 1.3102562804870912e-05
        },
        "location": "angry",
        "emotion_ratios": {
            "angry": 49,
            "disgust": 0,
            "fear": 39,
            "happy": 0,
            "sad": 10,
            "surprise": 0,
            "neutral": 0
        }
    },
    "frame_0075.jpg": {
        "frame_index": 75,
        "frame_relative_time": 2.475,
        "Emotion value": {
            "angry": 14.320763945579529,
            "disgust": 0.6550379563122988,
            "fear": 28.432545065879822,
            "happy": 2.8972897678613663,
            "sad": 36.22066676616669,
            "surprise": 6.73292800784111,
            "neutral": 10.740767419338226
        },
        "location": "sad",
        "emotion_ratios": {
            "angry": 14,
            "disgust": 0,
            "fear": 28,
            "happy": 2,
            "sad": 36,
            "surprise": 6,
            "neutral": 10
        }
    },
    "frame_0076.jpg": {
        "frame_index": 76,
        "frame_relative_time": 2.508,
        "Emotion value": {
            "angry": 5.474172532558441,
            "disgust": 0.02557422558311373,
            "fear": 81.15339875221252,
            "happy": 0.002833032704074867,
            "sad": 12.780895829200745,
            "surprise": 0.06933299591764808,
            "neutral": 0.493798078969121
        },
        "location": "fear",
        "emotion_ratios": {
            "angry": 5,
            "disgust": 0,
            "fear": 81,
            "happy": 0,
            "sad": 12,
            "surprise": 0,
            "neutral": 0
        }
    },
    "frame_0122.jpg": {
        "frame_index": 122,
        "frame_relative_time": 4.026,
        "Emotion value": {
            "angry": 71.17777719232764,
            "disgust": 7.698620615041002e-06,
            "fear": 0.012511259446797155,
            "happy": 0.0001085762976175033,
            "sad": 20.460847969156262,
            "surprise": 8.742327349487157e-08,
            "neutral": 8.348752063364037
        },
        "location": "angry",
        "emotion_ratios": {
            "angry": 71,
            "disgust": 0,
            "fear": 0,
            "happy": 0,
            "sad": 20,
            "surprise": 0,
            "neutral": 8
        }
    },
    "frame_0140.jpg": {
        "frame_index": 140,
        "frame_relative_time": 4.62,
        "Emotion value": {
            "angry": 7.950355112552643,
            "disgust": 0.01870608248282224,
            "fear": 72.18781113624573,
            "happy": 0.05656305584125221,
            "sad": 11.661431193351746,
            "surprise": 0.03944559721276164,
            "neutral": 8.085677027702332
        },
        "location": "fear",
        "emotion_ratios": {
            "angry": 7,
            "disgust": 0,
            "fear": 72,
            "happy": 0,
            "sad": 11,
            "surprise": 0,
            "neutral": 8
        }
    },
    "frame_0300.jpg": {
        "frame_index": 300,
        "frame_relative_time": 9.9,
        "Emotion value": {
            "angry": 0.07986281998455524,
            "disgust": 4.825737812316473e-14,
            "fear": 0.006260424561332911,
            "happy": 1.9807902162938262e-05,
            "sad": 70.61618566513062,
            "surprise": 1.6163221802645289e-09,
            "neutral": 29.29767370223999
        },
        "location": "sad",
        "emotion_ratios": {
            "angry": 0,
            "disgust": 0,
            "fear": 0,
            "happy": 0,
            "sad": 70,
            "surprise": 0,
            "neutral": 29
        }
    },
    "frame_0342.jpg": {
        "frame_index": 342,
        "frame_relative_time": 11.286000000000001,
        "Emotion value": {
            "angry": 1.3235651745537027,
            "disgust": 9.281977198319198e-05,
            "fear": 5.980714767021821,
            "happy": 0.005632554138296717,
            "sad": 91.31811805475462,
            "surprise": 0.003177734659635479,
            "neutral": 1.3686989318548997
        },
        "location": "sad",
        "emotion_ratios": {
            "angry": 1,
            "disgust": 0,
            "fear": 5,
            "happy": 0,
            "sad": 91,
            "surprise": 0,
            "neutral": 1
        }
    },
    "frame_0344.jpg": {
        "frame_index": 344,
        "frame_relative_time": 11.352,
        "Emotion value": {
            "angry": 79.02528518589051,
            "disgust": 0.0237851126792349,
            "fear": 12.033094437902834,
            "happy": 0.006177151594625508,
            "sad": 7.5276796536254675,
            "surprise": 0.9863738558515225,
            "neutral": 0.39761008270741
        },
        "location": "angry",
        "emotion_ratios": {
            "angry": 79,
            "disgust": 0,
            "fear": 12,
            "happy": 0,
            "sad": 7,
            "surprise": 0,
            "neutral": 0
        }
    },
    "emotion_all_ratios": {
        "angry": 37,
        "disgust": 0,
        "fear": 25,
        "happy": 0,
        "sad": 37,
        "surprise": 0,
        "neutral": 0
    }
}