{
    "frame_0038.jpg": {
        "frame_index": 38,
        "frame_relative_time": 1.254,
        "Emotion value": {
            "angry": 0.3029910381883383,
            "disgust": 7.389348866126966e-06,
            "fear": 98.86322617530823,
            "happy": 0.46595269814133644,
            "sad": 0.15651177382096648,
            "surprise": 0.20592371001839638,
            "neutral": 0.005391878221416846
        },
        "location": "fear",
        "emotion_ratios": {
            "angry": 0,
            "disgust": 0,
            "fear": 98,
            "happy": 0,
            "sad": 0,
            "surprise": 0,
            "neutral": 0
        }
    },
    "frame_0039.jpg": {
        "frame_index": 39,
        "frame_relative_time": 1.2870000000000001,
        "Emotion value": {
            "angry": 0.00011188561757080606,
            "disgust": 1.4977002927782368e-10,
            "fear": 99.94723200798035,
            "happy": 0.0006112567916716216,
            "sad": 0.01756202254910022,
            "surprise": 0.034376769326627254,
            "neutral": 0.0001125554717873456
        },
        "location": "fear",
        "emotion_ratios": {
            "angry": 0,
            "disgust": 0,
            "fear": 99,
            "happy": 0,
            "sad": 0,
            "surprise": 0,
            "neutral": 0
        }
    },
    "frame_0094.jpg": {
        "frame_index": 94,
        "frame_relative_time": 3.1020000000000003,
        "Emotion value": {
            "angry": 0.02453198831062764,
            "disgust": 9.940762657478786e-08,
            "fear": 18.71922016143799,
            "happy": 81.07370734214783,
            "sad": 0.08066860609687865,
            "surprise": 0.0902369967661798,
            "neutral": 0.011633701069513336
        },
        "location": "happy",
        "emotion_ratios": {
            "angry": 0,
            "disgust": 0,
            "fear": 18,
            "happy": 81,
            "sad": 0,
            "surprise": 0,
            "neutral": 0
        }
    },
    "frame_0098.jpg": {
        "frame_index": 98,
        "frame_relative_time": 3.234,
        "Emotion value": {
            "angry": 8.404242735595377,
            "disgust": 0.09349231890680565,
            "fear": 81.15870581165483,
            "happy": 3.2039862031953095,
            "sad": 4.519060087912072,
            "surprise": 2.440885535969074,
            "neutral": 0.17961877352446037
        },
        "location": "fear",
        "emotion_ratios": {
            "angry": 8,
            "disgust": 0,
            "fear": 81,
            "happy": 3,
            "sad": 4,
            "surprise": 2,
            "neutral": 0
        }
    },
    "frame_0138.jpg": {
        "frame_index": 138,
        "frame_relative_time": 4.554,
        "Emotion value": {
            "angry": 86.4479124546051,
            "disgust": 0.00022790632101532537,
            "fear": 0.239820359274745,
            "happy": 0.47414740547537804,
            "sad": 0.0820737099274993,
            "surprise": 10.932907462120056,
            "neutral": 1.8229147419333458
        },
        "location": "angry",
        "emotion_ratios": {
            "angry": 86,
            "disgust": 0,
            "fear": 0,
            "happy": 0,
            "sad": 0,
            "surprise": 10,
            "neutral": 1
        }
    },
    "frame_0139.jpg": {
        "frame_index": 139,
        "frame_relative_time": 4.587000000000001,
        "Emotion value": {
            "angry": 0.44057323261478337,
            "disgust": 1.7015301198024583e-07,
            "fear": 0.28867706372464463,
            "happy": 0.04748505873427495,
            "sad": 2.1933543316548265,
            "surprise": 3.9248292356525942,
            "neutral": 93.10508288205658
        },
        "location": "neutral",
        "emotion_ratios": {
            "angry": 0,
            "disgust": 0,
            "fear": 0,
            "happy": 0,
            "sad": 2,
            "surprise": 3,
            "neutral": 93
        }
    },
    "frame_0141.jpg": {
        "frame_index": 141,
        "frame_relative_time": 4.6530000000000005,
        "Emotion value": {
            "angry": 1.1523634195327759,
            "disgust": 1.1150887851973934e-08,
            "fear": 0.10483167134225368,
            "happy": 0.011667734361253679,
            "sad": 16.679547727108,
            "surprise": 0.00828214906505309,
            "neutral": 82.04331398010254
        },
        "location": "neutral",
        "emotion_ratios": {
            "angry": 1,
            "disgust": 0,
            "fear": 0,
            "happy": 0,
            "sad": 16,
            "surprise": 0,
            "neutral": 82
        }
    },
    "frame_0143.jpg": {
        "frame_index": 143,
        "frame_relative_time": 4.719,
        "Emotion value": {
            "angry": 3.6056995391845703,
            "disgust": 0.019168088329024613,
            "fear": 27.942165732383728,
            "happy": 0.027132383547723293,
            "sad": 1.2579313479363918,
            "surprise": 67.00987219810486,
            "neutral": 0.13803153997287154
        },
        "location": "surprise",
        "emotion_ratios": {
            "angry": 3,
            "disgust": 0,
            "fear": 27,
            "happy": 0,
            "sad": 1,
            "surprise": 67,
            "neutral": 0
        }
    },
    "frame_0144.jpg": {
        "frame_index": 144,
        "frame_relative_time": 4.752000000000001,
        "Emotion value": {
            "angry": 0.33514834609766875,
            "disgust": 2.086548142066991e-08,
            "fear": 0.12190438136633523,
            "happy": 0.0403344917170773,
            "sad": 0.9190489154487201,
            "surprise": 0.4909327080656712,
            "neutral": 98.09263337210616
        },
        "location": "neutral",
        "emotion_ratios": {
            "angry": 0,
            "disgust": 0,
            "fear": 0,
            "happy": 0,
            "sad": 0,
            "surprise": 0,
            "neutral": 98
        }
    },
    "frame_0145.jpg": {
        "frame_index": 145,
        "frame_relative_time": 4.785,
        "Emotion value": {
            "angry": 0.0619888321352848,
            "disgust": 1.9359677574827734e-11,
            "fear": 0.0411835053437284,
            "happy": 0.0069984410559297125,
            "sad": 0.5742712630952911,
            "surprise": 0.1494059866517468,
            "neutral": 99.1661547620481
        },
        "location": "neutral",
        "emotion_ratios": {
            "angry": 0,
            "disgust": 0,
            "fear": 0,
            "happy": 0,
            "sad": 0,
            "surprise": 0,
            "neutral": 99
        }
    },
    "frame_0186.jpg": {
        "frame_index": 186,
        "frame_relative_time": 6.138,
        "Emotion value": {
            "angry": 0.14217026764526963,
            "disgust": 6.803461793936094e-07,
            "fear": 1.640685647726059,
            "happy": 85.05667448043823,
            "sad": 0.23784483782947063,
            "surprise": 0.09453219245187938,
            "neutral": 12.828093767166138
        },
        "location": "happy",
        "emotion_ratios": {
            "angry": 0,
            "disgust": 0,
            "fear": 1,
            "happy": 85,
            "sad": 0,
            "surprise": 0,
            "neutral": 12
        }
    },
    "frame_0199.jpg": {
        "frame_index": 199,
        "frame_relative_time": 6.567,
        "Emotion value": {
            "angry": 10.66165704498631,
            "disgust": 9.162696703500266e-08,
            "fear": 30.379300140100725,
            "happy": 0.08674646895544046,
            "sad": 46.595883166544624,
            "surprise": 0.03172187032662304,
            "neutral": 12.244696899932437
        },
        "location": "sad",
        "emotion_ratios": {
            "angry": 10,
            "disgust": 0,
            "fear": 30,