{
    "frame_0173.jpg": {
        "frame_index": 173,
        "frame_relative_time": 5.7090000000000005,
        "Emotion value": {
            "angry": 20.307134091854095,
            "disgust": 1.2135948912472827e-07,
            "fear": 2.7886174619197845,
            "happy": 0.11246722424402833,
            "sad": 36.28459274768829,
            "surprise": 0.012832556967623532,
            "neutral": 40.4943585395813
        },
        "location": "neutral",
        "emotion_ratios": {
            "angry": 20,
            "disgust": 0,
            "fear": 2,
            "happy": 0,
            "sad": 36,
            "surprise": 0,
            "neutral": 40
        }
    },
    "emotion_all_ratios": {
        "angry": 0,
        "disgust": 0,
        "fear": 0,
        "happy": 0,
        "sad": 0,
        "surprise": 0,
        "neutral": 100
    }
}