{
    "frame_0064.jpg": {
        "frame_index": 64,
        "frame_relative_time": 2.112,
        "Emotion value": {
            "angry": 40.48252943054017,
            "disgust": 5.066510881120125e-10,
            "fear": 59.16530842574289,
            "happy": 0.1986565419603313,
            "sad": 0.07738140290827471,
            "surprise": 0.0031180987246877687,
            "neutral": 0.0730125568088178
        },
        "location": "fear",
        "emotion_ratios": {
            "angry": 40,
            "disgust": 0,
            "fear": 59,
            "happy": 0,
            "sad": 0,
            "surprise": 0,
            "neutral": 0
        }
    },
    "frame_0065.jpg": {
        "frame_index": 65,
        "frame_relative_time": 2.145,
        "Emotion value": {
            "angry": 8.910485888152474,
            "disgust": 4.4456552202579684e-08,
            "fear": 69.94269311086494,
            "happy": 13.48947068986122,
            "sad": 0.025868123425692224,
            "surprise": 7.6055724981768424,
            "neutral": 0.025916138928041694
        },
        "location": "fear",
        "emotion_ratios": {
            "angry": 8,
            "disgust": 0,
            "fear": 69,
            "happy": 13,
            "sad": 0,
            "surprise": 7,
            "neutral": 0
        }
    },
    "frame_0066.jpg": {
        "frame_index": 66,
        "frame_relative_time": 2.178,
        "Emotion value": {
            "angry": 1.2373233951522944,
            "disgust": 9.086856809056199e-10,
            "fear": 92.10765314743836,
            "happy": 3.3575320754964397,
            "sad": 0.0030255114309328903,
            "surprise": 3.2894937419589603,
            "neutral": 0.004978947550899017
        },
        "location": "fear",
        "emotion_ratios": {
            "angry": 1,
            "disgust": 0,
            "fear": 92,
            "happy": 3,
            "sad": 0,
            "surprise": 3,
            "neutral": 0
        }
    },
    "frame_0170.jpg": {
        "frame_index": 170,
        "frame_relative_time": 5.61,
        "Emotion value": {
            "angry": 0.11569183552637696,
            "disgust": 3.4502528607845306,
            "fear": 0.6801156792789698,
            "happy": 85.66163182258606,
            "sad": 8.6166150867939,
            "surprise": 0.01190651164506562,
            "neutral": 1.463781762868166
        },
        "location": "happy",
        "emotion_ratios": {
            "angry": 0,
            "disgust": 3,
            "fear": 0,
            "happy": 85,
            "sad": 8,
            "surprise": 0,
            "neutral": 1
        }
    },
    "frame_0173.jpg": {
        "frame_index": 173,
        "frame_relative_time": 5.7090000000000005,
        "Emotion value": {
            "angry": 5.455891415476799,
            "disgust": 43.612438440322876,
            "fear": 5.726630613207817,
            "happy": 0.2606714144349098,
            "sad": 43.762752413749695,
            "surprise": 0.015283150423783809,
            "neutral": 1.1663318611681461
        },
        "location": "sad",
        "emotion_ratios": {
            "angry": 5,
            "disgust": 43,
            "fear": 5,
            "happy": 0,
            "sad": 43,
            "surprise": 0,
            "neutral": 1
        }
    },
    "frame_0177.jpg": {
        "frame_index": 177,
        "frame_relative_time": 5.841,
        "Emotion value": {
            "angry": 5.712279677391052,
            "disgust": 91.13824963569641,
            "fear": 0.5205127410590649,
            "happy": 0.8436783216893673,
            "sad": 1.0785434395074844,
            "surprise": 0.015064953186083585,
            "neutral": 0.691674929112196
        },
        "location": "disgust",
        "emotion_ratios": {
            "angry": 5,
            "disgust": 91,
            "fear": 0,
            "happy": 0,
            "sad": 1,
            "surprise": 0,
            "neutral": 0
        }
    },
    "frame_0199.jpg": {
        "frame_index": 199,
        "frame_relative_time": 6.567,
        "Emotion value": {
            "angry": 6.947447028603973,
            "disgust": 1.5816059128057845e-08,
            "fear": 0.0014333380876771524,
            "happy": 7.769949452277985,
            "sad": 0.649736534415873,
            "surprise": 5.1192680170937355e-05,
            "neutral": 84.63138250299588
        },
        "location": "neutral",
        "emotion_ratios": {
            "angry": 6,
            "disgust": 0,
            "fear": 0,
            "happy": 7,
            "sad": 0,
            "surprise": 0,
            "neutral": 84
        }
    },
    "frame_0214.jpg": {
        "frame_index": 214,
        "frame_relative_time": 7.062,
        "Emotion value": {
            "angry": 0.13592912126432405,
            "disgust": 0.042963383719964776,
            "fear": 0.148191308632039,
            "happy": 98.93101466524426,
            "sad": 0.2210225413638304,
            "surprise": 9.940993047179435e-05,
            "neutral": 0.5207747065842502
        },
        "location": "happy",
        "emotion_ratios": {
            "angry": 0,
            "disgust": 0,
            "fear": 0,
            "happy": 98,
            "sad": 0,
            "surprise": 0,
            "neutral": 0
        }
    },
    "frame_0215.jpg": {
        "frame_index": 215,
        "frame_relative_time": 7.095000000000001,
        "Emotion value": {
            "angry": 0.32998567912727594,
            "disgust": 0.1452537369914353,
            "fear": 66.8240487575531,
            "happy": 29.27989661693573,
            "sad": 1.7272328957915306,
            "surprise": 0.0013182449038140476,
            "neutral": 1.6922671347856522
        },
        "location": "fear",
        "emotion_ratios": {
            "angry": 0,
            "disgust": 0,
            "fear": 66,
            "happy": 29,
            "sad": 1,
            "surprise": 0,
            "neutral": 1
        }
    },
    "frame_0216.jpg": {
        "frame_index": 216,
        "frame_relative_time": 7.128,
        "Emotion value": {
            "angry": 0.004370356588347649,
            "disgust": 1.072627064486994e-05,
            "fear": 0.014377594327243079,
            "happy": 99.95979070423786,
            "sad": 0.012910208211981994,
            "surprise": 1.0939950042903152e-06,
            "neutral": 0.008544291413235152
        },
        "location": "happy",
        "emotion_ratios": {
            "angry": 0,
            "disgust": 0,
            "fear": 0,
            "happy": 99,
            "sad": 0,
            "surprise": 0,
            "neutral": 0
        }
    },
    "frame_0217.jpg": {
        "frame_index": 217,
        "frame_relative_time": 7.1610000000000005,
        "Emotion value": {
            "angry": 2.3046650407318595e-07,
            "disgust": 1.5669134676202527e-10,
            "fear": 1.8780804698400349e-07,
            "happy": 99.99942183491122,
            "sad": 4.253656383086877e-05,
            "surprise": 2.611763912327988e-09,
            "neutral": 0.0005379610549933348
        },
        "location": "happy",
        "emotion_ratios": {
            "angry": 0,
            "disgust": 0,
            "fear": 0,
            "happy": 99,
            "sad": 0,
            "surprise": 0,
            "neutral": 0
        }
    },
    "frame_0220.jpg": {
        "frame_index": 220,
        "frame_relative_time": 7.260000000000001,
        "Emotion value": {
            "angry": 0.02603756710159724,
            "disgust": 4.0780646563777686e-10,
            "fear": 98.99348628598615,
            "happy": 5.891564577751385e-06,
            "sad": 0.9742388271702734,
            "surprise": 1.964878691998747e-06,
            "neutral": 0.00623118028967541
        },
        "location": "fear",
        "emotion_ratios": {
            "angry": 0,
            "disgust": 0,
            "fear": 98,
            "happy": 0,