{
    "frame_0055.jpg": {
        "frame_index": 55,
        "frame_relative_time": 1.8150000000000002,
        "Emotion value": {
            "angry": 29.326993227005005,
            "disgust": 2.624531494910265e-09,
            "fear": 5.363814160227776,
            "happy": 0.13611387694254518,
            "sad": 30.729302763938904,
            "surprise": 1.636871758137204e-05,
            "neutral": 34.44375991821289
        },
        "location": "neutral",
        "emotion_ratios": {
            "angry": 29,
            "disgust": 0,
            "fear": 5,
            "happy": 0,
            "sad": 30,
            "surprise": 0,
            "neutral": 34
        }
    },
    "frame_0100.jpg": {
        "frame_index": 100,
        "frame_relative_time": 3.3000000000000003,
        "Emotion value": {
            "angry": 0.14347757678478956,
            "disgust": 0.03265017585363239,
            "fear": 98.83793592453003,
            "happy": 1.959572699661294e-05,
            "sad": 0.0037805522879352793,
            "surprise": 0.9820573031902313,
            "neutral": 8.167378382495372e-05
        },
        "location": "fear",
        "emotion_ratios": {
            "angry": 0,
            "disgust": 0,
            "fear": 98,
            "happy": 0,
            "sad": 0,
            "surprise": 0,
            "neutral": 0
        }
    },
    "frame_0107.jpg": {
        "frame_index": 107,
        "frame_relative_time": 3.531,
        "Emotion value": {
            "angry": 1.4368935488164425,
            "disgust": 9.669125500266773e-08,
            "fear": 95.6153392791748,
            "happy": 2.6863497737394937e-05,
            "sad": 2.9165564104914665,
            "surprise": 0.018745227134786546,
            "neutral": 0.012438140402082354
        },
        "location": "fear",
        "emotion_ratios": {
            "angry": 1,
            "disgust": 0,
            "fear": 95,
            "happy": 0,
            "sad": 2,
            "surprise": 0,
            "neutral": 0
        }
    },
    "frame_0188.jpg": {
        "frame_index": 188,
        "frame_relative_time": 6.204000000000001,
        "Emotion value": {
            "angry": 6.724552810192108,
            "disgust": 6.0474029339729896e-06,
            "fear": 15.726299583911896,
            "happy": 0.024761460372246802,
            "sad": 18.806099891662598,
            "surprise": 0.0032605672458885238,
            "neutral": 58.71502161026001
        },
        "location": "neutral",
        "emotion_ratios": {
            "angry": 6,
            "disgust": 0,
            "fear": 15,
            "happy": 0,
            "sad": 18,
            "surprise": 0,
            "neutral": 58
        }
    },
    "frame_0197.jpg": {
        "frame_index": 197,
        "frame_relative_time": 6.501,
        "Emotion value": {
            "angry": 0.7969141006469727,
            "disgust": 0.005808988862554543,
            "fear": 0.36898800171911716,
            "happy": 33.35038125514984,
            "sad": 11.305401474237442,
            "surprise": 0.0030623745260527357,
            "neutral": 54.169440269470215
        },
        "location": "neutral",
        "emotion_ratios": {
            "angry": 0,
            "disgust": 0,
            "fear": 0,
            "happy": 33,
            "sad": 11,
            "surprise": 0,
            "neutral": 54
        }
    },
    "frame_0267.jpg": {
        "frame_index": 267,
        "frame_relative_time": 8.811,
        "Emotion value": {
            "angry": 81.26702904701233,
            "disgust": 0.010560473310761154,
            "fear": 9.623852372169495,
            "happy": 2.1997136995196342,
            "sad": 5.552902072668076,
            "surprise": 0.0023893348043202423,
            "neutral": 1.3435492292046547
        },
        "location": "angry",
        "emotion_ratios": {
            "angry": 81,
            "disgust": 0,
            "fear": 9,
            "happy": 2,
            "sad": 5,
            "surprise": 0,
            "neutral": 1
        }
    },
    "frame_0276.jpg": {
        "frame_index": 276,
        "frame_relative_time": 9.108,
        "Emotion value": {
            "angry": 0.009040298027684912,
            "disgust": 4.544165498716198e-16,
            "fear": 7.249259397212882e-05,
            "happy": 5.110221223958433e-06,
            "sad": 0.008604719914728776,
            "surprise": 5.8966609373101164e-08,
            "neutral": 99.98227953910828
        },
        "location": "neutral",
        "emotion_ratios": {
            "angry": 0,
            "disgust": 0,
            "fear": 0,
            "happy": 0,
            "sad": 0,
            "surprise": 0,
            "neutral": 99
        }
    },
    "frame_0357.jpg": {
        "frame_index": 357,
        "frame_relative_time": 11.781,
        "Emotion value": {
            "angry": 0.011240568098106685,
            "disgust": 7.207465535346326e-10,
            "fear": 99.84210731481227,
            "happy": 7.639165117979564e-05,
            "sad": 0.14626787163104157,
            "surprise": 7.696121044492904e-07,
            "neutral": 0.00030416204948130313
        },
        "location": "fear",
        "emotion_ratios": {
            "angry": 0,
            "disgust": 0,
            "fear": 99,
            "happy": 0,
            "sad": 0,
            "surprise": 0,
            "neutral": 0
        }
    },
    "frame_0369.jpg": {
        "frame_index": 369,
        "frame_relative_time": 12.177000000000001,
        "Emotion value": {
            "angry": 0.0002762407348200213,
            "disgust": 1.3754852833981757e-11,
            "fear": 99.9134361743927,
            "happy": 0.010297929111402482,
            "sad": 0.07227830355986953,
            "surprise": 0.0019931789211113937,
            "neutral": 0.0017222570022568107
        },
        "location": "fear",
        "emotion_ratios": {
            "angry": 0,
            "disgust": 0,
            "fear": 99,
            "happy": 0,
            "sad": 0,
            "surprise": 0,
            "neutral": 0
        }
    },
    "emotion_all_ratios": {
        "angry": 11,
        "disgust": 0,
        "fear": 44,
        "happy": 0,
        "sad": 0,
        "surprise": 0,
        "neutral": 44
    }
}