{
    "frame_0021.jpg": {
        "frame_index": 21,
        "frame_relative_time": 0.6930000000000001,
        "Emotion value": {
            "angry": 0.5151312332600355,
            "disgust": 0.002144931204384193,
            "fear": 72.51698970794678,
            "happy": 26.913774013519287,
            "sad": 0.030036363750696182,
            "surprise": 0.015141564654186368,
            "neutral": 0.006785806908737868
        },
        "location": "fear",
        "emotion_ratios": {
            "angry": 0,
            "disgust": 0,
            "fear": 72,
            "happy": 26,
            "sad": 0,
            "surprise": 0,
            "neutral": 0
        }
    },
    "frame_0022.jpg": {
        "frame_index": 22,
        "frame_relative_time": 0.726,
        "Emotion value": {
            "angry": 0.18580779546555334,
            "disgust": 0.0006405858276022031,
            "fear": 98.34305067741266,
            "happy": 0.006567823528841686,
            "sad": 1.4557575934222229,
            "surprise": 0.001449344299573153,
            "neutral": 0.006717556897925881
        },
        "location": "fear",
        "emotion_ratios": {
            "angry": 0,
            "disgust": 0,
            "fear": 98,
            "happy": 0,
            "sad": 1,
            "surprise": 0,
            "neutral": 0
        }
    },
    "frame_0023.jpg": {
        "frame_index": 23,
        "frame_relative_time": 0.759,
        "Emotion value": {
            "angry": 0.07881030905991793,
            "disgust": 8.704179776941601e-05,
            "fear": 1.4110337942838669,
            "happy": 5.233639478683472,
            "sad": 0.3617769107222557,
            "surprise": 0.17876927740871906,
            "neutral": 92.7358865737915
        },
        "location": "neutral",
        "emotion_ratios": {
            "angry": 0,
            "disgust": 0,
            "fear": 1,
            "happy": 5,
            "sad": 0,
            "surprise": 0,
            "neutral": 92
        }
    },
    "frame_0039.jpg": {
        "frame_index": 39,
        "frame_relative_time": 1.2870000000000001,
        "Emotion value": {
            "angry": 8.77865460324756e-06,
            "disgust": 1.4903392105483637e-10,
            "fear": 0.9266826324164867,
            "happy": 2.770120488548855e-05,
            "sad": 0.19501826027408242,
            "surprise": 0.0016149482689797878,
            "neutral": 98.87664914131165
        },
        "location": "neutral",
        "emotion_ratios": {
            "angry": 0,
            "disgust": 0,
            "fear": 0,
            "happy": 0,
            "sad": 0,
            "surprise": 0,
            "neutral": 98
        }
    },
    "frame_0055.jpg": {
        "frame_index": 55,
        "frame_relative_time": 1.8150000000000002,
        "Emotion value": {
            "angry": 0.9162678383290768,
            "disgust": 0.00011990293842245592,
            "fear": 16.663308441638947,
            "happy": 0.557160098105669,
            "sad": 78.13529968261719,
            "surprise": 0.007778155122650787,
            "neutral": 3.72006818652153
        },
        "location": "sad",
        "emotion_ratios": {
            "angry": 0,
            "disgust": 0,
            "fear": 16,
            "happy": 0,
            "sad": 78,
            "surprise": 0,
            "neutral": 3
        }
    },
    "frame_0066.jpg": {
        "frame_index": 66,
        "frame_relative_time": 2.178,
        "Emotion value": {
            "angry": 3.5215694930040233,
            "disgust": 2.6752165896417536e-07,
            "fear": 79.68981619951919,
            "happy": 0.07017536808964528,
            "sad": 8.083441327028433,
            "surprise": 0.04241014754259855,
            "neutral": 8.592596929382912
        },
        "location": "fear",
        "emotion_ratios": {
            "angry": 3,
            "disgust": 0,
            "fear": 79,
            "happy": 0,
            "sad": 8,
            "surprise": 0,
            "neutral": 8
        }
    },
    "frame_0067.jpg": {
        "frame_index": 67,
        "frame_relative_time": 2.2110000000000003,
        "Emotion value": {
            "angry": 1.7130244702725972,
            "disgust": 0.0001278762663432626,
            "fear": 97.83832405070353,
            "happy": 0.005443242765483515,
            "sad": 0.3661135648028332,
            "surprise": 0.07693216656084854,
            "neutral": 3.712386432280177e-05
        },
        "location": "fear",
        "emotion_ratios": {
            "angry": 1,
            "disgust": 0,
            "fear": 97,
            "happy": 0,
            "sad": 0,
            "surprise": 0,
            "neutral": 0
        }
    },
    "frame_0068.jpg": {
        "frame_index": 68,
        "frame_relative_time": 2.244,
        "Emotion value": {
            "angry": 11.456426978111267,
            "disgust": 0.27657614555209875,
            "fear": 52.0591139793396,
            "happy": 0.12002016883343458,
            "sad": 35.418808460235596,
            "surprise": 0.13756102416664362,
            "neutral": 0.5314928013831377
        },
        "location": "fear",
        "emotion_ratios": {
            "angry": 11,
            "disgust": 0,
            "fear": 52,
            "happy": 0,
            "sad": 35,
            "surprise": 0,
            "neutral": 0
        }
    },
    "frame_0069.jpg": {
        "frame_index": 69,
        "frame_relative_time": 2.277,
        "Emotion value": {
            "angry": 0.13186921918730254,
            "disgust": 6.0904074749859726e-06,
            "fear": 79.90294575112735,
            "happy": 18.83498393505716,
            "sad": 0.23452897091382569,
            "surprise": 0.8709438664283673,
            "neutral": 0.024722800317461806
        },
        "location": "fear",
        "emotion_ratios": {
            "angry": 0,
            "disgust": 0,
            "fear": 79,
            "happy": 18,
            "sad": 0,
            "surprise": 0,
            "neutral": 0
        }
    },
    "frame_0092.jpg": {
        "frame_index": 92,
        "frame_relative_time": 3.036,
        "Emotion value": {
            "angry": 0.13846823373992645,
            "disgust": 1.672059213051464e-05,
            "fear": 7.6583144163080705,
            "happy": 0.16537097802734244,
            "sad": 91.62012288690346,
            "surprise": 0.00026772828964189213,
            "neutral": 0.41743938505288275
        },
        "location": "sad",
        "emotion_ratios": {
            "angry": 0,
            "disgust": 0,
            "fear": 7,
            "happy": 0,
            "sad": 91,
            "surprise": 0,
            "neutral": 0
        }
    },
    "frame_0093.jpg": {
        "frame_index": 93,
        "frame_relative_time": 3.069,
        "Emotion value": {
            "angry": 5.453697592020035,
            "disgust": 2.7069761987519314e-07,
            "fear": 0.059106614207848907,
            "happy": 75.2133846282959,
            "sad": 1.9989393651485443,
            "surprise": 0.000131269052872085,
            "neutral": 17.274746298789978
        },
        "location": "happy",
        "emotion_ratios": {
            "angry": 5,
            "disgust": 0,
            "fear": 0,
            "happy": 75,
            "sad": 1,
            "surprise": 0,
            "neutral": 17
        }
    },
    "frame_0100.jpg": {
        "frame_index": 100,
        "frame_relative_time": 3.3000000000000003,
        "Emotion value": {
            "angry": 5.67207052881713e-05,
            "disgust": 1.310818537048064e-08,
            "fear": 88.80997896194458,
            "happy": 0.0017311547708231956,
            "sad": 11.132623255252838,
            "surprise": 2.373720144055458e-09,
            "neutral": 0.055610056733712554
        },
        "location": "fear",
        "emotion_ratios": {
            "angry": 0,
            "disgust": 0,
            "fear": 88,