{
    "frame_0076.jpg": {
        "frame_index": 76,
        "frame_relative_time": 2.508,
        "Emotion value": {
            "angry": 0.4590663866887323,
            "disgust": 0.0003910173523997521,
            "fear": 75.97805118429966,
            "happy": 0.023955173646687637,
            "sad": 21.65156880924516,
            "surprise": 0.18237356485045342,
            "neutral": 1.7045953395721518
        },
        "location": "fear",
        "emotion_ratios": {
            "angry": 0,
            "disgust": 0,
            "fear": 75,
            "happy": 0,
            "sad": 21,
            "surprise": 0,
            "neutral": 1
        }
    },
    "frame_0079.jpg": {
        "frame_index": 79,
        "frame_relative_time": 2.607,
        "Emotion value": {
            "angry": 0.1620617442503121,
            "disgust": 5.640017326935392e-11,
            "fear": 43.87599491333931,
            "happy": 5.0027179827398534e-08,
            "sad": 55.92927670057277,
            "surprise": 9.792740535967407e-07,
            "neutral": 0.03266772741054609
        },
        "location": "sad",
        "emotion_ratios": {
            "angry": 0,
            "disgust": 0,
            "fear": 43,
            "happy": 0,
            "sad": 55,
            "surprise": 0,
            "neutral": 0
        }
    },
    "frame_0084.jpg": {
        "frame_index": 84,
        "frame_relative_time": 2.7720000000000002,
        "Emotion value": {
            "angry": 6.004894510203273,
            "disgust": 3.37096065614281e-08,
            "fear": 76.38951399263823,
            "happy": 7.893098556707726e-06,
            "sad": 17.569092963283836,
            "surprise": 0.0004493257888016295,
            "neutral": 0.036047887226627
        },
        "location": "fear",
        "emotion_ratios": {
            "angry": 6,
            "disgust": 0,
            "fear": 76,
            "happy": 0,
            "sad": 17,
            "surprise": 0,
            "neutral": 0
        }
    },
    "frame_0085.jpg": {
        "frame_index": 85,
        "frame_relative_time": 2.805,
        "Emotion value": {
            "angry": 13.002593755412846,
            "disgust": 9.546490459203962e-07,
            "fear": 65.06554900818479,
            "happy": 0.000250004443143023,
            "sad": 21.152449112838614,
            "surprise": 0.003977573832027194,
            "neutral": 0.7751741453797644
        },
        "location": "fear",
        "emotion_ratios": {
            "angry": 13,
            "disgust": 0,
            "fear": 65,
            "happy": 0,
            "sad": 21,
            "surprise": 0,
            "neutral": 0
        }
    },
    "frame_0086.jpg": {
        "frame_index": 86,
        "frame_relative_time": 2.838,
        "Emotion value": {
            "angry": 15.08512794971466,
            "disgust": 7.853936168089604e-07,
            "fear": 65.58007001876831,
            "happy": 0.0008228277692978736,
            "sad": 18.073870241642,
            "surprise": 0.004027267641504295,
            "neutral": 1.256079412996769
        },
        "location": "fear",
        "emotion_ratios": {
            "angry": 15,
            "disgust": 0,
            "fear": 65,
            "happy": 0,
            "sad": 18,
            "surprise": 0,
            "neutral": 1
        }
    },
    "frame_0123.jpg": {
        "frame_index": 123,
        "frame_relative_time": 4.059,
        "Emotion value": {
            "angry": 1.2537827715277672,
            "disgust": 13.014799356460571,
            "fear": 80.93112111091614,
            "happy": 0.154920166824013,
            "sad": 2.987493947148323,
            "surprise": 0.14626268530264497,
            "neutral": 1.5116242691874504
        },
        "location": "fear",
        "emotion_ratios": {
            "angry": 1,
            "disgust": 13,
            "fear": 80,
            "happy": 0,
            "sad": 2,
            "surprise": 0,
            "neutral": 1
        }
    },
    "frame_0124.jpg": {
        "frame_index": 124,
        "frame_relative_time": 4.0920000000000005,
        "Emotion value": {
            "angry": 1.7158001478552642,
            "disgust": 25.50035709138428,
            "fear": 66.26891895903123,
            "happy": 1.1979386645032568,
            "sad": 3.007703661000292,
            "surprise": 0.8935368486002864,
            "neutral": 1.4157464902703178
        },
        "location": "fear",
        "emotion_ratios": {
            "angry": 1,
            "disgust": 25,
            "fear": 66,
            "happy": 1,
            "sad": 3,
            "surprise": 0,
            "neutral": 1
        }
    },
    "frame_0885.jpg": {
        "frame_index": 885,
        "frame_relative_time": 29.205000000000002,
        "Emotion value": {
            "angry": 8.178599923849106,
            "disgust": 0.07493905141018331,
            "fear": 42.122042179107666,
            "happy": 0.26881673838943243,
            "sad": 47.682181000709534,
            "surprise": 0.005907874219701625,
            "neutral": 1.667521707713604
        },
        "location": "sad",
        "emotion_ratios": {
            "angry": 8,
            "disgust": 0,
            "fear": 42,
            "happy": 0,
            "sad": 47,
            "surprise": 0,
            "neutral": 1
        }
    },
    "frame_0886.jpg": {
        "frame_index": 886,
        "frame_relative_time": 29.238000000000003,
        "Emotion value": {
            "angry": 0.10175204321345171,
            "disgust": 1.0533570270439556e-05,
            "fear": 22.85729970248941,
            "happy": 74.9821573517135,
            "sad": 2.035239841313381,
            "surprise": 0.0016911471705843343,
            "neutral": 0.021841463182859785
        },
        "location": "happy",
        "emotion_ratios": {
            "angry": 0,
            "disgust": 0,
            "fear": 22,
            "happy": 74,
            "sad": 2,
            "surprise": 0,
            "neutral": 0
        }
    },
    "frame_0892.jpg": {
        "frame_index": 892,
        "frame_relative_time": 29.436,
        "Emotion value": {
            "angry": 95.6846778768685,
            "disgust": 2.926491038323517,
            "fear": 1.060477517786322,
            "happy": 1.8048637098247276e-07,
            "sad": 0.3224354085775723,
            "surprise": 0.0020080520123889134,
            "neutral": 0.003903103687127799
        },
        "location": "angry",
        "emotion_ratios": {
            "angry": 95,
            "disgust": 2,
            "fear": 1,
            "happy": 0,
            "sad": 0,
            "surprise": 0,
            "neutral": 0
        }
    },
    "frame_0944.jpg": {
        "frame_index": 944,
        "frame_relative_time": 31.152,
        "Emotion value": {
            "angry": 1.8338705842779746e-05,
            "disgust": 1.2364706384354498e-14,
            "fear": 75.18483400344849,
            "happy": 1.663548188091113e-07,
            "sad": 24.815042316913605,
            "surprise": 2.21668834004575e-11,
            "neutral": 0.0001049656589202641
        },
        "location": "fear",
        "emotion_ratios": {
            "angry": 0,
            "disgust": 0,
            "fear": 75,
            "happy": 0,
            "sad": 24,
            "surprise": 0,
            "neutral": 0
        }
    },
    "frame_0996.jpg": {
        "frame_index": 996,
        "frame_relative_time": 32.868,
        "Emotion value": {
            "angry": 0.124110106844455,
            "disgust": 0.0009129042155109346,
            "fear": 94.44217681884766,
            "happy": 0.010103160457219929,
            "sad": 0.5984066985547543,
            "surprise": 0.0753574597183615,
            "neutral": 4.748940095305443
        },
        "location": "fear",
        "emotion_ratios": {
            "angry": 0,
            "disgust": 0,
            "fear": 94,
            "happy": 0,