{
    "frame_0129.jpg": {
        "frame_index": 129,
        "frame_relative_time": 4.257000000000001,
        "Emotion value": {
            "angry": 3.1965175686191065,
            "disgust": 9.970761477907854e-08,
            "fear": 4.057428110088593,
            "happy": 0.0005834615769688188,
            "sad": 36.563076768104835,
            "surprise": 0.004798465228734328,
            "neutral": 56.17759562597249
        },
        "location": "neutral",
        "emotion_ratios": {
            "angry": 3,
            "disgust": 0,
            "fear": 4,
            "happy": 0,
            "sad": 36,
            "surprise": 0,
            "neutral": 56
        }
    },
    "frame_0291.jpg": {
        "frame_index": 291,
        "frame_relative_time": 9.603,
        "Emotion value": {
            "angry": 8.677085261171177,
            "disgust": 8.758287417761606e-06,
            "fear": 29.63400957787094,
            "happy": 0.000570809095196223,
            "sad": 15.157946357604644,
            "surprise": 0.15548885329746326,
            "neutral": 46.37488999217093
        },
        "location": "neutral",
        "emotion_ratios": {
            "angry": 8,
            "disgust": 0,
            "fear": 29,
            "happy": 0,
            "sad": 15,
            "surprise": 0,
            "neutral": 46
        }
    },
    "frame_0292.jpg": {
        "frame_index": 292,
        "frame_relative_time": 9.636000000000001,
        "Emotion value": {
            "angry": 0.15865437453612685,
            "disgust": 1.6115531218524604e-10,
            "fear": 13.787457346916199,
            "happy": 1.4168353601462513e-06,
            "sad": 66.17007851600647,
            "surprise": 0.0006342208052956266,
            "neutral": 19.883176684379578
        },
        "location": "sad",
        "emotion_ratios": {
            "angry": 0,
            "disgust": 0,
            "fear": 13,
            "happy": 0,
            "sad": 66,
            "surprise": 0,
            "neutral": 19
        }
    },
    "frame_0295.jpg": {
        "frame_index": 295,
        "frame_relative_time": 9.735000000000001,
        "Emotion value": {
            "angry": 0.17744779101263988,
            "disgust": 3.206647347203787e-11,
            "fear": 5.818697116530285,
            "happy": 1.4227767488944718e-06,
            "sad": 46.66269759384422,
            "surprise": 0.0007265748124758703,
            "neutral": 47.340426166006786
        },
        "location": "neutral",
        "emotion_ratios": {
            "angry": 0,
            "disgust": 0,
            "fear": 5,
            "happy": 0,
            "sad": 46,
            "surprise": 0,
            "neutral": 47
        }
    },
    "frame_0296.jpg": {
        "frame_index": 296,
        "frame_relative_time": 9.768,
        "Emotion value": {
            "angry": 0.05157887078919236,
            "disgust": 8.584251680445242e-13,
            "fear": 6.679702203256023,
            "happy": 1.2673529648404782e-07,
            "sad": 64.4514301092285,
            "surprise": 8.071600544990736e-05,
            "neutral": 28.81720833880951
        },
        "location": "sad",
        "emotion_ratios": {
            "angry": 0,
            "disgust": 0,
            "fear": 6,
            "happy": 0,
            "sad": 64,
            "surprise": 0,
            "neutral": 28
        }
    },
    "frame_0336.jpg": {
        "frame_index": 336,
        "frame_relative_time": 11.088000000000001,
        "Emotion value": {
            "angry": 0.4730665124952793,
            "disgust": 4.7051038620793406e-07,
            "fear": 4.11643385887146,
            "happy": 0.027750575100071728,
            "sad": 27.50786542892456,
            "surprise": 0.02710390544962138,
            "neutral": 67.84778237342834
        },
        "location": "neutral",
        "emotion_ratios": {
            "angry": 0,
            "disgust": 0,
            "fear": 4,
            "happy": 0,
            "sad": 27,
            "surprise": 0,
            "neutral": 67
        }
    },
    "emotion_all_ratios": {
        "angry": 0,
        "disgust": 0,
        "fear": 0,
        "happy": 0,
        "sad": 33,
        "surprise": 0,
        "neutral": 66
    }
}