{
    "frame_0011.jpg": {
        "frame_index": 11,
        "frame_relative_time": 0.363,
        "Emotion value": {
            "angry": 0.00024671174500054063,
            "disgust": 8.39696625744833e-06,
            "fear": 0.015385853854836238,
            "happy": 35.36598209929253,
            "sad": 0.6749749522626343,
            "surprise": 7.611923590693595e-05,
            "neutral": 63.943328135410326
        },
        "location": "neutral",
        "emotion_ratios": {
            "angry": 0,
            "disgust": 0,
            "fear": 0,
            "happy": 35,
            "sad": 0,
            "surprise": 0,
            "neutral": 63
        }
    },
    "frame_0044.jpg": {
        "frame_index": 44,
        "frame_relative_time": 1.452,
        "Emotion value": {
            "angry": 8.298065446996619e-07,
            "disgust": 3.382737202260612e-11,
            "fear": 0.0004425940987964111,
            "happy": 98.52356893105137,
            "sad": 0.0027794721648306,
            "surprise": 0.00023704185975434542,
            "neutral": 1.472976606843067
        },
        "location": "happy",
        "emotion_ratios": {
            "angry": 0,
            "disgust": 0,
            "fear": 0,
            "happy": 98,
            "sad": 0,
            "surprise": 0,
            "neutral": 1
        }
    },
    "frame_0078.jpg": {
        "frame_index": 78,
        "frame_relative_time": 2.5740000000000003,
        "Emotion value": {
            "angry": 0.6557459477335215,
            "disgust": 1.3101771223489322e-06,
            "fear": 1.9737428054213524,
            "happy": 19.769524037837982,
            "sad": 7.625249773263931,
            "surprise": 0.00998839022940956,
            "neutral": 69.96574997901917
        },
        "location": "neutral",
        "emotion_ratios": {
            "angry": 0,
            "disgust": 0,
            "fear": 1,
            "happy": 19,
            "sad": 7,
            "surprise": 0,
            "neutral": 69
        }
    },
    "frame_0079.jpg": {
        "frame_index": 79,
        "frame_relative_time": 2.607,
        "Emotion value": {
            "angry": 0.05653648741388246,
            "disgust": 2.222259835101455e-09,
            "fear": 11.654099026566685,
            "happy": 0.04826252985634088,
            "sad": 27.727432711567445,
            "surprise": 0.00021676277283928818,
            "neutral": 60.51345232209279
        },
        "location": "neutral",
        "emotion_ratios": {
            "angry": 0,
            "disgust": 0,
            "fear": 11,
            "happy": 0,
            "sad": 27,
            "surprise": 0,
            "neutral": 60
        }
    },
    "frame_0080.jpg": {
        "frame_index": 80,
        "frame_relative_time": 2.64,
        "Emotion value": {
            "angry": 0.14445915282274202,
            "disgust": 3.0497767241995276e-08,
            "fear": 54.83360021314622,
            "happy": 0.0012864309467727603,
            "sad": 38.2518880517416,
            "surprise": 0.00033171224616953057,
            "neutral": 6.768434153105864
        },
        "location": "fear",
        "emotion_ratios": {
            "angry": 0,
            "disgust": 0,
            "fear": 54,
            "happy": 0,
            "sad": 38,
            "surprise": 0,
            "neutral": 6
        }
    },
    "frame_0081.jpg": {
        "frame_index": 81,
        "frame_relative_time": 2.673,
        "Emotion value": {
            "angry": 0.10259412229061127,
            "disgust": 2.6901297855985717e-08,
            "fear": 37.605223059654236,
            "happy": 0.0005698254881281173,
            "sad": 59.54469442367554,
            "surprise": 3.30827134575884e-05,
            "neutral": 2.746879868209362
        },
        "location": "sad",
        "emotion_ratios": {
            "angry": 0,
            "disgust": 0,
            "fear": 37,
            "happy": 0,
            "sad": 59,
            "surprise": 0,
            "neutral": 2
        }
    },
    "frame_0121.jpg": {
        "frame_index": 121,
        "frame_relative_time": 3.9930000000000003,
        "Emotion value": {
            "angry": 1.5938117187506986,
            "disgust": 0.026765621582045946,
            "fear": 6.510883957796333,
            "happy": 72.80651764908538,
            "sad": 5.4114780820297055,
            "surprise": 0.06368983101672417,
            "neutral": 13.586855744532093
        },
        "location": "happy",
        "emotion_ratios": {
            "angry": 1,
            "disgust": 0,
            "fear": 6,
            "happy": 72,
            "sad": 5,
            "surprise": 0,
            "neutral": 13
        }
    },
    "frame_0122.jpg": {
        "frame_index": 122,
        "frame_relative_time": 4.026,
        "Emotion value": {
            "angry": 1.5390981906114931,
            "disgust": 0.004291823898955928,
            "fear": 0.3685081830104103,
            "happy": 88.96148735055252,
            "sad": 4.137826957573114,
            "surprise": 0.041721359170197495,
            "neutral": 4.947067719523175
        },
        "location": "happy",
        "emotion_ratios": {
            "angry": 1,
            "disgust": 0,
            "fear": 0,
            "happy": 88,
            "sad": 4,
            "surprise": 0,
            "neutral": 4
        }
    },
    "frame_0123.jpg": {
        "frame_index": 123,
        "frame_relative_time": 4.059,
        "Emotion value": {
            "angry": 6.416810303926468,
            "disgust": 0.11165529722347856,
            "fear": 7.587733864784241,
            "happy": 22.3132386803627,
            "sad": 56.59270882606506,
            "surprise": 0.012159737525507808,
            "neutral": 6.965700536966324
        },
        "location": "sad",
        "emotion_ratios": {
            "angry": 6,
            "disgust": 0,
            "fear": 7,
            "happy": 22,
            "sad": 56,
            "surprise": 0,
            "neutral": 6
        }
    },
    "frame_0257.jpg": {
        "frame_index": 257,
        "frame_relative_time": 8.481,
        "Emotion value": {
            "angry": 45.48333260317639,
            "disgust": 0.12067356866142563,
            "fear": 4.022208095920568,
            "happy": 44.956865606121156,
            "sad": 1.2479067592565274,
            "surprise": 3.7724269939915533,
            "neutral": 0.3965893531047912
        },
        "location": "angry",
        "emotion_ratios": {
            "angry": 45,
            "disgust": 0,
            "fear": 4,
            "happy": 44,
            "sad": 1,
            "surprise": 3,
            "neutral": 0
        }
    },
    "emotion_all_ratios": {
        "angry": 10,
        "disgust": 0,
        "fear": 10,
        "happy": 30,
        "sad": 20,
        "surprise": 0,
        "neutral": 30
    }
}