{
    "frame_0064.jpg": {
        "frame_index": 64,
        "frame_relative_time": 2.112,
        "Emotion value": {
            "angry": 0.005753656275439078,
            "disgust": 1.3581749035612266e-08,
            "fear": 98.90419238234713,
            "happy": 0.05872166716324789,
            "sad": 0.6240566633079447,
            "surprise": 0.3815509606332159,
            "neutral": 0.025723465738167806
        },
        "location": "fear",
        "emotion_ratios": {
            "angry": 0,
            "disgust": 0,
            "fear": 98,
            "happy": 0,
            "sad": 0,
            "surprise": 0,
            "neutral": 0
        }
    },
    "emotion_all_ratios": {
        "angry": 0,
        "disgust": 0,
        "fear": 100,
        "happy": 0,
        "sad": 0,
        "surprise": 0,
        "neutral": 0
    }
}