{
    "frame_0042.jpg": {
        "frame_index": 42,
        "frame_relative_time": 1.3860000000000001,
        "Emotion value": {
            "angry": 38.77361714839935,
            "disgust": 0.0017517677406431176,
            "fear": 47.736114263534546,
            "happy": 0.002430256972729694,
            "sad": 9.063614904880524,
            "surprise": 0.07120162481442094,
            "neutral": 4.35127392411232
        },
        "location": "fear",
        "emotion_ratios": {
            "angry": 38,
            "disgust": 0,
            "fear": 47,
            "happy": 0,
            "sad": 9,
            "surprise": 0,
            "neutral": 4
        }
    },
    "frame_0043.jpg": {
        "frame_index": 43,
        "frame_relative_time": 1.419,
        "Emotion value": {
            "angry": 29.2863667011261,
            "disgust": 0.04548456345219165,
            "fear": 46.94010615348816,
            "happy": 0.5810924340039492,
            "sad": 9.061788767576218,
            "surprise": 4.798091575503349,
            "neutral": 9.287074953317642
        },
        "location": "fear",
        "emotion_ratios": {
            "angry": 29,
            "disgust": 0,
            "fear": 46,
            "happy": 0,
            "sad": 9,
            "surprise": 4,
            "neutral": 9
        }
    },
    "frame_0044.jpg": {
        "frame_index": 44,
        "frame_relative_time": 1.452,
        "Emotion value": {
            "angry": 47.2602066111811,
            "disgust": 0.0058866440409239724,
            "fear": 35.178838393549725,
            "happy": 0.09345377861716195,
            "sad": 11.58694986545442,
            "surprise": 2.0449476891693696,
            "neutral": 3.829724425640634
        },
        "location": "angry",
        "emotion_ratios": {
            "angry": 47,
            "disgust": 0,
            "fear": 35,
            "happy": 0,
            "sad": 11,
            "surprise": 2,
            "neutral": 3
        }
    },
    "frame_0045.jpg": {
        "frame_index": 45,
        "frame_relative_time": 1.485,
        "Emotion value": {
            "angry": 9.141002395212793,
            "disgust": 6.280430203873287e-05,
            "fear": 10.251744702562375,
            "happy": 0.0003571010196564861,
            "sad": 70.18023551584695,
            "surprise": 0.0020376044026638213,
            "neutral": 10.42455869463436
        },
        "location": "sad",
        "emotion_ratios": {
            "angry": 9,
            "disgust": 0,
            "fear": 10,
            "happy": 0,
            "sad": 70,
            "surprise": 0,
            "neutral": 10
        }
    },
    "frame_0046.jpg": {
        "frame_index": 46,
        "frame_relative_time": 1.518,
        "Emotion value": {
            "angry": 14.461362361907959,
            "disgust": 0.0001495382093708031,
            "fear": 18.14977526664734,
            "happy": 0.0009598749784345273,
            "sad": 46.515366435050964,
            "surprise": 0.013951475557405502,
            "neutral": 20.858438313007355
        },
        "location": "sad",
        "emotion_ratios": {
            "angry": 14,
            "disgust": 0,
            "fear": 18,
            "happy": 0,
            "sad": 46,
            "surprise": 0,
            "neutral": 20
        }
    },
    "frame_0049.jpg": {
        "frame_index": 49,
        "frame_relative_time": 1.617,
        "Emotion value": {
            "angry": 0.2981040516470732,
            "disgust": 5.187070836140661e-08,
            "fear": 6.155296776330086,
            "happy": 0.00017680044781954012,
            "sad": 61.041088228355434,
            "surprise": 0.00035288653294041403,
            "neutral": 32.504988611339165
        },
        "location": "sad",
        "emotion_ratios": {
            "angry": 0,
            "disgust": 0,
            "fear": 6,
            "happy": 0,
            "sad": 61,
            "surprise": 0,
            "neutral": 32
        }
    },
    "frame_0053.jpg": {
        "frame_index": 53,
        "frame_relative_time": 1.749,
        "Emotion value": {
            "angry": 0.4641998937189706,
            "disgust": 1.1537772832849264e-08,
            "fear": 9.837379623963878,
            "happy": 2.8516341441610253e-06,
            "sad": 75.995126247987,
            "surprise": 0.0002535901710520457,
            "neutral": 13.703030204411721
        },
        "location": "sad",
        "emotion_ratios": {
            "angry": 0,
            "disgust": 0,
            "fear": 9,
            "happy": 0,
            "sad": 75,
            "surprise": 0,
            "neutral": 13
        }
    },
    "frame_0275.jpg": {
        "frame_index": 275,
        "frame_relative_time": 9.075000000000001,
        "Emotion value": {
            "angry": 55.96526336255829,
            "disgust": 7.838092221500164e-10,
            "fear": 0.09023820078046033,
            "happy": 0.03382399848613125,
            "sad": 2.1639686794839714,
            "surprise": 3.2316519982211647e-07,
            "neutral": 41.746707766855685
        },
        "location": "angry",
        "emotion_ratios": {
            "angry": 55,
            "disgust": 0,
            "fear": 0,
            "happy": 0,
            "sad": 2,
            "surprise": 0,
            "neutral": 41
        }
    },
    "frame_0308.jpg": {
        "frame_index": 308,
        "frame_relative_time": 10.164,
        "Emotion value": {
            "angry": 0.00461765866453265,
            "disgust": 1.8422399012167643e-13,
            "fear": 0.0013091279728632602,
            "happy": 4.973153384670549e-05,
            "sad": 1.5600266869334356,
            "surprise": 3.7090233126442823e-07,
            "neutral": 98.43399543356949
        },
        "location": "neutral",
        "emotion_ratios": {
            "angry": 0,
            "disgust": 0,
            "fear": 0,
            "happy": 0,
            "sad": 1,
            "surprise": 0,
            "neutral": 98
        }
    },
    "frame_0310.jpg": {
        "frame_index": 310,
        "frame_relative_time": 10.23,
        "Emotion value": {
            "angry": 0.00128479221912143,
            "disgust": 7.47789635407157e-14,
            "fear": 0.00020028534265829895,
            "happy": 0.00011970515319717098,
            "sad": 0.07116718176258693,
            "surprise": 3.6726698539879104e-06,
            "neutral": 99.92722272439138
        },
        "location": "neutral",
        "emotion_ratios": {
            "angry": 0,
            "disgust": 0,
            "fear": 0,
            "happy": 0,
            "sad": 0,
            "surprise": 0,
            "neutral": 99
        }
    },
    "frame_0312.jpg": {
        "frame_index": 312,
        "frame_relative_time": 10.296000000000001,
        "Emotion value": {
            "angry": 0.01583659075161779,
            "disgust": 7.420480046280684e-10,
            "fear": 0.01811187901144895,
            "happy": 0.005644658758553044,
            "sad": 0.3017410529990259,
            "surprise": 3.599121643441387e-05,
            "neutral": 99.65863223774818
        },
        "location": "neutral",
        "emotion_ratios": {
            "angry": 0,
            "disgust": 0,
            "fear": 0,
            "happy": 0,
            "sad": 0,
            "surprise": 0,
            "neutral": 99
        }
    },
    "emotion_all_ratios": {
        "angry": 18,
        "disgust": 0,
        "fear": 18,
        "happy": 0,
        "sad": 36,
        "surprise": 0,
        "neutral": 27
    }
}