{
    "frame_0026.jpg": {
        "frame_index": 26,
        "frame_relative_time": 0.8580000000000001,
        "Emotion value": {
            "angry": 23.930582404136658,
            "disgust": 0.00016971263221421395,
            "fear": 75.3542959690094,
            "happy": 0.053757306886836886,
            "sad": 0.014439068036153913,
            "surprise": 0.6430011708289385,
            "neutral": 0.003756923251785338
        },
        "location": "fear",
        "emotion_ratios": {
            "angry": 23,
            "disgust": 0,
            "fear": 75,
            "happy": 0,
            "sad": 0,
            "surprise": 0,
            "neutral": 0
        }
    },
    "frame_0042.jpg": {
        "frame_index": 42,
        "frame_relative_time": 1.3860000000000001,
        "Emotion value": {
            "angry": 0.00018396274299448123,
            "disgust": 9.76536629337943e-08,
            "fear": 0.0009472802048549056,
            "happy": 99.55832362174988,
            "sad": 0.33775530755519867,
            "surprise": 1.5162212596564473e-07,
            "neutral": 0.10279286652803421
        },
        "location": "happy",
        "emotion_ratios": {
            "angry": 0,
            "disgust": 0,
            "fear": 0,
            "happy": 99,
            "sad": 0,
            "surprise": 0,
            "neutral": 0
        }
    },
    "frame_0043.jpg": {
        "frame_index": 43,
        "frame_relative_time": 1.419,
        "Emotion value": {
            "angry": 1.1166456155478954,
            "disgust": 0.13588700676336884,
            "fear": 42.39254891872406,
            "happy": 31.21744990348816,
            "sad": 24.600157141685486,
            "surprise": 4.7566766170348274e-05,
            "neutral": 0.5372621119022369
        },
        "location": "fear",
        "emotion_ratios": {
            "angry": 1,
            "disgust": 0,
            "fear": 42,
            "happy": 31,
            "sad": 24,
            "surprise": 0,
            "neutral": 0
        }
    },
    "frame_0131.jpg": {
        "frame_index": 131,
        "frame_relative_time": 4.323,
        "Emotion value": {
            "angry": 3.715473856386406,
            "disgust": 0.00010331344905489494,
            "fear": 19.763096542727535,
            "happy": 12.794138526217761,
            "sad": 46.70931359640522,
            "surprise": 0.0005642668147261974,
            "neutral": 17.0173158666272
        },
        "location": "sad",
        "emotion_ratios": {
            "angry": 3,
            "disgust": 0,
            "fear": 19,
            "happy": 12,
            "sad": 46,
            "surprise": 0,
            "neutral": 17
        }
    },
    "frame_0173.jpg": {
        "frame_index": 173,
        "frame_relative_time": 5.7090000000000005,
        "Emotion value": {
            "angry": 42.0397162437439,
            "disgust": 2.905077166239639e-11,
            "fear": 0.33464585430920124,
            "happy": 0.00020792795112356544,
            "sad": 57.62537121772766,
            "surprise": 3.6586004105776464e-16,
            "neutral": 6.403248562492081e-05
        },
        "location": "sad",
        "emotion_ratios": {
            "angry": 42,
            "disgust": 0,
            "fear": 0,
            "happy": 0,
            "sad": 57,
            "surprise": 0,
            "neutral": 0
        }
    },
    "frame_0174.jpg": {
        "frame_index": 174,
        "frame_relative_time": 5.742,
        "Emotion value": {
            "angry": 0.00199565650362942,
            "disgust": 6.388549450292544e-14,
            "fear": 8.253441497888655,
            "happy": 4.539030533309669e-08,
            "sad": 91.74453566935871,
            "surprise": 1.2342295608695815e-18,
            "neutral": 3.041976310086247e-05
        },
        "location": "sad",
        "emotion_ratios": {
            "angry": 0,
            "disgust": 0,
            "fear": 8,
            "happy": 0,
            "sad": 91,
            "surprise": 0,
            "neutral": 0
        }
    },
    "frame_0175.jpg": {
        "frame_index": 175,
        "frame_relative_time": 5.775,
        "Emotion value": {
            "angry": 95.37903611410094,
            "disgust": 1.884928852813544e-10,
            "fear": 2.7356113774313187,
            "happy": 0.00885414006964297,
            "sad": 1.8764850126487032,
            "surprise": 1.1403612545746095e-15,
            "neutral": 1.6208564602028655e-05
        },
        "location": "angry",
        "emotion_ratios": {
            "angry": 95,
            "disgust": 0,
            "fear": 2,
            "happy": 0,
            "sad": 1,
            "surprise": 0,
            "neutral": 0
        }
    },
    "frame_0182.jpg": {
        "frame_index": 182,
        "frame_relative_time": 6.006,
        "Emotion value": {
            "angry": 0.5841251345202407,
            "disgust": 1.8485113431512236e-07,
            "fear": 0.0525666199291718,
            "happy": 99.325519759984,
            "sad": 0.009702629755221591,
            "surprise": 9.690376723545822e-05,
            "neutral": 0.027991090823365202
        },
        "location": "happy",
        "emotion_ratios": {
            "angry": 0,
            "disgust": 0,
            "fear": 0,
            "happy": 99,
            "sad": 0,
            "surprise": 0,
            "neutral": 0
        }
    },
    "frame_0185.jpg": {
        "frame_index": 185,
        "frame_relative_time": 6.105,
        "Emotion value": {
            "angry": 29.23852801322937,
            "disgust": 0.11965419398620725,
            "fear": 0.9050022810697556,
            "happy": 0.0004432849891600199,
            "sad": 69.73596215248108,
            "surprise": 2.449201778886856e-09,
            "neutral": 0.0004092570634384174
        },
        "location": "sad",
        "emotion_ratios": {
            "angry": 29,
            "disgust": 0,
            "fear": 0,
            "happy": 0,
            "sad": 69,
            "surprise": 0,
            "neutral": 0
        }
    },
    "frame_0201.jpg": {
        "frame_index": 201,
        "frame_relative_time": 6.633,
        "Emotion value": {
            "angry": 0.009623375388987316,
            "disgust": 4.724106653367544e-09,
            "fear": 99.97895360243874,
            "happy": 0.0006687754760989818,
            "sad": 0.010086672662436869,
            "surprise": 0.0006447148875812948,
            "neutral": 1.931181739679366e-05
        },
        "location": "fear",
        "emotion_ratios": {
            "angry": 0,
            "disgust": 0,
            "fear": 99,
            "happy": 0,
            "sad": 0,
            "surprise": 0,
            "neutral": 0
        }
    },
    "frame_0217.jpg": {
        "frame_index": 217,
        "frame_relative_time": 7.1610000000000005,
        "Emotion value": {
            "angry": 0.03146168517219303,
            "disgust": 1.172148247509708e-05,
            "fear": 21.149775844839116,
            "happy": 0.00034795232694995556,
            "sad": 15.050780469086114,
            "surprise": 0.0013489530130664485,
            "neutral": 63.766269234863614
        },
        "location": "neutral",
        "emotion_ratios": {
            "angry": 0,
            "disgust": 0,
            "fear": 21,
            "happy": 0,
            "sad": 15,
            "surprise": 0,
            "neutral": 63
        }
    },
    "frame_0218.jpg": {
        "frame_index": 218,
        "frame_relative_time": 7.194,
        "Emotion value": {
            "angry": 26.83509588241577,
            "disgust": 4.630679086709e-10,
            "fear": 6.81442990899086,
            "happy": 10.065875202417374,
            "sad": 0.5930250976234674,
            "surprise": 0.00225820313062286,
            "neutral": 55.68931698799133
        },
        "location": "neutral",
        "emotion_ratios": {
            "angry": 26,
            "disgust": 0,