{
    "frame_0145.jpg": {
        "frame_index": 145,
        "frame_relative_time": 4.785,
        "Emotion value": {
            "angry": 0.0007291361766244,
            "disgust": 2.749409963694719e-10,
            "fear": 0.15909844509828744,
            "happy": 28.69453684156694,
            "sad": 0.005638367348154056,
            "surprise": 0.36045359807269595,
            "neutral": 70.77954163795214
        },
        "location": "neutral",
        "emotion_ratios": {
            "angry": 0,
            "disgust": 0,
            "fear": 0,
            "happy": 28,
            "sad": 0,
            "surprise": 0,
            "neutral": 70
        }
    },
    "frame_0157.jpg": {
        "frame_index": 157,
        "frame_relative_time": 5.181,
        "Emotion value": {
            "angry": 0.0011739395631593652,
            "disgust": 2.81151857350892e-07,
            "fear": 0.10600801324471831,
            "happy": 2.718225307762623,
            "sad": 0.11208686046302319,
            "surprise": 0.165635091252625,
            "neutral": 96.89686894416809
        },
        "location": "neutral",
        "emotion_ratios": {
            "angry": 0,
            "disgust": 0,
            "fear": 0,
            "happy": 2,
            "sad": 0,
            "surprise": 0,
            "neutral": 96
        }
    },
    "frame_0158.jpg": {
        "frame_index": 158,
        "frame_relative_time": 5.214,
        "Emotion value": {
            "angry": 5.949192213744264e-05,
            "disgust": 1.6770816638618638e-09,
            "fear": 0.3959971716104252,
            "happy": 0.048188850594764986,
            "sad": 0.1650483096606022,
            "surprise": 0.2344161178941201,
            "neutral": 99.15629024245085
        },
        "location": "neutral",
        "emotion_ratios": {
            "angry": 0,
            "disgust": 0,
            "fear": 0,
            "happy": 0,
            "sad": 0,
            "surprise": 0,
            "neutral": 99
        }
    },
    "frame_0169.jpg": {
        "frame_index": 169,
        "frame_relative_time": 5.577,
        "Emotion value": {
            "angry": 0.00037613137919834116,
            "disgust": 6.405895813799134e-08,
            "fear": 0.41702063754200935,
            "happy": 11.057758331298828,
            "sad": 0.6780707277357578,
            "surprise": 0.12868631165474653,
            "neutral": 87.71808743476868
        },
        "location": "neutral",
        "emotion_ratios": {
            "angry": 0,
            "disgust": 0,
            "fear": 0,
            "happy": 11,
            "sad": 0,
            "surprise": 0,
            "neutral": 87
        }
    },
    "frame_0170.jpg": {
        "frame_index": 170,
        "frame_relative_time": 5.61,
        "Emotion value": {
            "angry": 47.21937162991593,
            "disgust": 0.010867701268785522,
            "fear": 14.47646555164251,
            "happy": 11.014149994501471,
            "sad": 0.9220097763544188,
            "surprise": 21.457190600466166,
            "neutral": 4.899939441677299
        },
        "location": "angry",
        "emotion_ratios": {
            "angry": 47,
            "disgust": 0,
            "fear": 14,
            "happy": 11,
            "sad": 0,
            "surprise": 21,
            "neutral": 4
        }
    },
    "frame_0178.jpg": {
        "frame_index": 178,
        "frame_relative_time": 5.8740000000000006,
        "Emotion value": {
            "angry": 2.2643601934561323e-10,
            "disgust": 1.7833029008767188e-18,
            "fear": 2.963518850546591e-06,
            "happy": 0.22235957762415143,
            "sad": 2.1837128133243878e-05,
            "surprise": 8.915701596241743e-06,
            "neutral": 99.77760908336748
        },
        "location": "neutral",
        "emotion_ratios": {
            "angry": 0,
            "disgust": 0,
            "fear": 0,
            "happy": 0,
            "sad": 0,
            "surprise": 0,
            "neutral": 99
        }
    },
    "frame_0189.jpg": {
        "frame_index": 189,
        "frame_relative_time": 6.237,
        "Emotion value": {
            "angry": 1.3759344774655347e-07,
            "disgust": 3.079359692381039e-13,
            "fear": 3.5338629800207855e-05,
            "happy": 1.2823514640331268,
            "sad": 0.009231533476850018,
            "surprise": 1.6828112237021742e-06,
            "neutral": 98.70837926864624
        },
        "location": "neutral",
        "emotion_ratios": {
            "angry": 0,
            "disgust": 0,
            "fear": 0,
            "happy": 1,
            "sad": 0,
            "surprise": 0,
            "neutral": 98
        }
    },
    "frame_0199.jpg": {
        "frame_index": 199,
        "frame_relative_time": 6.567,
        "Emotion value": {
            "angry": 3.328987189740482e-05,
            "disgust": 9.155406474883093e-11,
            "fear": 0.012448885565118261,
            "happy": 0.052108377376452374,
            "sad": 0.16000679040408616,
            "surprise": 0.0010208722722452608,
            "neutral": 99.77438447170073
        },
        "location": "neutral",
        "emotion_ratios": {
            "angry": 0,
            "disgust": 0,
            "fear": 0,
            "happy": 0,
            "sad": 0,
            "surprise": 0,
            "neutral": 99
        }
    },
    "frame_0200.jpg": {
        "frame_index": 200,
        "frame_relative_time": 6.6000000000000005,
        "Emotion value": {
            "angry": 0.0014226961866370402,
            "disgust": 9.000972189809886e-09,
            "fear": 0.0003262133986936533,
            "happy": 0.726751983165741,
            "sad": 0.2622890053316951,
            "surprise": 0.0004650863957067486,
            "neutral": 99.00874495506287
        },
        "location": "neutral",
        "emotion_ratios": {
            "angry": 0,
            "disgust": 0,
            "fear": 0,
            "happy": 0,
            "sad": 0,
            "surprise": 0,
            "neutral": 99
        }
    },
    "frame_0208.jpg": {
        "frame_index": 208,
        "frame_relative_time": 6.864000000000001,
        "Emotion value": {
            "angry": 0.0023442724341293797,
            "disgust": 7.63952998084072e-09,
            "fear": 0.7673192303627729,
            "happy": 0.0001978959971893346,
            "sad": 60.71193218231201,
            "surprise": 4.775034412318746e-06,
            "neutral": 38.51819932460785
        },
        "location": "sad",
        "emotion_ratios": {
            "angry": 0,
            "disgust": 0,
            "fear": 0,
            "happy": 0,
            "sad": 60,
            "surprise": 0,
            "neutral": 38
        }
    },
    "frame_0243.jpg": {
        "frame_index": 243,
        "frame_relative_time": 8.019,
        "Emotion value": {
            "angry": 0.015542485925834626,
            "disgust": 1.4039489570905062e-07,
            "fear": 8.564018458127975,
            "happy": 20.356786251068115,
            "sad": 0.5906718783080578,
            "surprise": 0.1452582306228578,
            "neutral": 70.32772302627563
        },
        "location": "neutral",
        "emotion_ratios": {
            "angry": 0,
            "disgust": 0,
            "fear": 8,
            "happy": 20,
            "sad": 0,
            "surprise": 0,
            "neutral": 70
        }
    },
    "frame_0244.jpg": {
        "frame_index": 244,
        "frame_relative_time": 8.052,
        "Emotion value": {
            "angry": 0.00039787603425357136,
            "disgust": 1.657141363261671e-09,
            "fear": 9.070081804399598,
            "happy": 90.12092889076048,
            "sad": 0.06695515875251047,
            "surprise": 0.6295403840863933,
            "neutral": 0.1120993934332963
        },
        "location": "happy",
        "emotion_ratios": {
            "angry": 0,
            "disgust": 0,